,AC(mk),AC(ev),AC(test),size,F1(mk),F1(ev),F1(test),mk(i),mk_ratio,ev(j),ev_ratio,importance_uniformity,front,CD,feature_importance,pixel_0_0,pixel_0_1,pixel_0_2,pixel_0_3,pixel_0_4,pixel_0_5,pixel_0_6,pixel_0_7,pixel_1_0,pixel_1_1,pixel_1_2,pixel_1_3,pixel_1_4,pixel_1_5,pixel_1_6,pixel_1_7,pixel_2_0,pixel_2_1,pixel_2_2,pixel_2_3,pixel_2_4,pixel_2_5,pixel_2_6,pixel_2_7,pixel_3_0,pixel_3_1,pixel_3_2,pixel_3_3,pixel_3_4,pixel_3_5,pixel_3_6,pixel_3_7,pixel_4_0,pixel_4_1,pixel_4_2,pixel_4_3,pixel_4_4,pixel_4_5,pixel_4_6,pixel_4_7,pixel_5_0,pixel_5_1,pixel_5_2,pixel_5_3,pixel_5_4,pixel_5_5,pixel_5_6,pixel_5_7,pixel_6_0,pixel_6_1,pixel_6_2,pixel_6_3,pixel_6_4,pixel_6_5,pixel_6_6,pixel_6_7,pixel_7_0,pixel_7_1,pixel_7_2,pixel_7_3,pixel_7_4,pixel_7_5,pixel_7_6,pixel_7_7,gene,gene0,gene1,gene2,gene3,gene4,gene5,gene6,gene7,gene8,gene9,gene10,gene11,gene12,gene13,gene14,gene15,gene16,gene17,gene18,gene19,gene20,gene21,gene22,gene23,gene24,gene25,gene26,gene27,gene28,gene29,gene30,gene31,gene32,gene33,gene34,gene35,gene36,gene37,gene38,gene39,gene40,gene41,gene42,gene43,gene44,gene45,gene46,gene47,gene48,gene49,gene50,gene51,gene52,gene53,gene54,gene55,gene56,gene57,gene58,gene59,gene60,gene61,gene62,gene63,gene64,gene65,gene66
0,0.675,0.607,0.641,25,0.661,0.589,0.625,0,0.399,0,0.601,0.833,0,2000000000000000.0,,0.0,0.0,0.0,0.0,0.0,0.0,0.0,0.0,0.0,0.0,0.0,0.0,0.0,0.0,0.0,0.0,0.0,0.0,0.0,0.0,0.05,0.0,0.0,0.0,0.0,0.0,0.32,0.0,0.12,0.0,0.09,0.0,0.0,0.0,0.0,0.0,0.0,0.0,0.1,0.0,0.0,0.0,0.0,0.0,0.0,0.0,0.0,0.0,0.0,0.0,0.0,0.12,0.0,0.0,0.1,0.0,0.0,0.0,0.0,0.05,0.0,0.05,0.0,0.0,,1,0,0,1,0,0,0,0,1,0,0,1,0,0,1,1,0,1,0,0,1,0,0,0,1,0,1,0,1,0,1,1,0,0,0,1,0,1,1,0,0,0,0,0,0,0,0,0,0,0,1,1,0,0,1,1,1,0,0,1,1,1,1,1,0,0,0
1,0.647,0.652,0.607,27,0.63,0.628,0.577,0,0.399,0,0.601,0.882,0,0.42,,0.0,0.0,0.0,0.04,0.0,0.1,0.0,0.0,0.0,0.02,0.0,0.0,0.0,0.02,0.0,0.0,0.0,0.0,0.0,0.0,0.0,0.14,0.0,0.0,0.0,0.0,0.0,0.03,0.18,0.08,0.0,0.0,0.0,0.0,0.02,0.0,0.0,0.0,0.0,0.0,0.0,0.0,0.14,0.12,0.0,0.0,0.0,0.0,0.0,0.0,0.0,0.0,0.0,0.0,0.0,0.0,0.0,0.0,0.0,0.0,0.0,0.09,0.0,0.0,,1,0,0,1,0,1,1,0,0,1,0,0,0,1,0,1,1,0,0,1,0,1,0,0,0,0,0,1,1,1,0,0,0,0,1,0,0,0,0,0,1,0,1,1,0,0,0,0,0,1,0,1,0,0,0,1,1,0,0,0,0,1,1,0,0,0,0
2,0.691,0.69,0.615,29,0.677,0.666,0.59,0,0.399,0,0.601,0.858,0,0.27,,0.0,0.02,0.0,0.0,0.0,0.0,0.0,0.0,0.0,0.0,0.0,0.0,0.0,0.0,0.0,0.0,0.0,0.0,0.05,0.0,0.0,0.13,0.0,0.0,0.0,0.0,0.0,0.0,0.0,0.09,0.0,0.0,0.0,0.12,0.0,0.0,0.0,0.0,0.0,0.0,0.0,0.04,0.18,0.22,0.0,0.0,0.02,0.0,0.0,0.0,0.0,0.0,0.0,0.0,0.0,0.0,0.0,0.0,0.0,0.0,0.13,0.0,0.0,0.0,,0,1,0,1,0,0,0,0,1,0,0,1,0,0,1,1,0,0,1,0,0,1,0,0,1,1,0,0,0,1,0,0,1,1,0,0,0,0,1,0,0,1,1,1,0,0,1,0,1,0,0,0,0,0,0,1,1,0,0,0,1,0,0,0,0,0,0
3,0.709,0.701,0.661,31,0.702,0.691,0.661,0,0.399,0,0.601,0.873,0,0.03,,0.0,0.0,0.0,0.0,0.0,0.0,0.0,0.0,0.0,0.0,0.0,0.0,0.0,0.0,0.0,0.0,0.0,0.0,0.09,0.12,0.1,0.0,0.0,0.0,0.0,0.0,0.0,0.0,0.0,0.0,0.11,0.0,0.0,0.0,0.0,0.0,0.0,0.0,0.0,0.0,0.0,0.0,0.22,0.0,0.09,0.08,0.08,0.0,0.0,0.0,0.0,0.0,0.0,0.1,0.0,0.0,0.0,0.0,0.0,0.0,0.0,0.0,0.0,0.0,,0,0,0,1,0,0,0,1,0,1,0,1,0,0,0,1,0,0,1,1,1,0,0,1,0,0,0,0,0,0,1,0,0,0,0,1,0,1,0,0,1,1,1,0,1,1,1,0,0,0,0,0,0,1,0,0,1,1,1,0,0,0,0,1,0,0,0
4,0.709,0.701,0.661,31,0.702,0.691,0.661,0,0.399,0,0.601,0.873,0,0.21,,0.0,0.0,0.0,0.0,0.0,0.0,0.0,0.0,0.0,0.0,0.0,0.0,0.0,0.0,0.0,0.0,0.0,0.0,0.09,0.12,0.1,0.0,0.0,0.0,0.0,0.0,0.0,0.0,0.0,0.0,0.11,0.0,0.0,0.0,0.0,0.0,0.0,0.0,0.0,0.0,0.0,0.0,0.22,0.0,0.09,0.08,0.08,0.0,0.0,0.0,0.0,0.0,0.0,0.1,0.0,0.0,0.0,0.0,0.0,0.0,0.0,0.0,0.0,0.0,,0,0,0,1,0,0,0,1,0,1,0,1,0,0,0,1,0,0,1,1,1,0,0,1,0,0,0,0,0,0,1,0,0,0,0,1,0,1,0,0,1,0,1,0,1,1,1,0,0,0,0,0,0,1,0,0,1,1,1,0,0,0,0,0,0,0,0
5,0.753,0.702,0.678,45,0.757,0.703,0.679,0,0.399,0,0.601,0.903,0,0.24,,0.0,0.0,0.0,0.04,0.0,0.0,0.0,0.0,0.0,0.0,0.1,0.0,0.0,0.09,0.0,0.0,0.0,0.0,0.0,0.0,0.11,0.0,0.02,0.0,0.0,0.0,0.0,0.0,0.11,0.0,0.15,0.0,0.0,0.0,0.0,0.0,0.0,0.0,0.0,0.0,0.0,0.0,0.01,0.11,0.0,0.0,0.08,0.0,0.0,0.0,0.0,0.0,0.0,0.0,0.0,0.0,0.0,0.0,0.0,0.04,0.0,0.06,0.1,0.0,,0,1,0,1,0,0,0,0,0,0,1,1,1,1,0,1,0,0,0,0,1,0,1,0,1,0,0,0,1,0,1,0,1,0,0,0,0,0,0,0,0,0,1,1,0,0,1,0,0,0,1,0,0,0,0,0,0,1,0,1,0,1,1,0,0,0,1
6,0.763,0.711,0.689,47,0.767,0.713,0.692,0,0.399,0,0.601,0.899,0,0.23,,0.0,0.0,0.0,0.0,0.0,0.0,0.0,0.0,0.0,0.0,0.13,0.0,0.0,0.04,0.0,0.0,0.0,0.0,0.0,0.0,0.11,0.0,0.02,0.0,0.0,0.0,0.0,0.0,0.11,0.15,0.0,0.0,0.0,0.0,0.0,0.0,0.0,0.0,0.0,0.0,0.0,0.0,0.03,0.1,0.0,0.0,0.07,0.0,0.0,0.0,0.01,0.0,0.0,0.0,0.0,0.0,0.0,0.0,0.0,0.04,0.0,0.1,0.1,0.0,,1,0,0,0,0,0,1,0,0,0,1,1,1,1,0,1,0,0,0,0,1,0,1,0,1,0,0,0,1,1,1,0,1,0,0,0,0,0,0,0,0,0,1,1,0,0,1,0,0,0,1,0,0,0,0,0,0,1,0,1,0,1,1,0,0,0,1
7,0.797,0.743,0.743,49,0.79,0.734,0.73,0,0.399,0,0.601,0.899,0,0.32,,0.0,0.0,0.0,0.0,0.06,0.0,0.0,0.0,0.0,0.0,0.04,0.0,0.0,0.0,0.0,0.0,0.0,0.0,0.0,0.0,0.02,0.13,0.0,0.0,0.0,0.0,0.17,0.07,0.13,0.0,0.02,0.0,0.0,0.0,0.0,0.0,0.0,0.02,0.07,0.0,0.0,0.0,0.11,0.09,0.0,0.01,0.0,0.0,0.0,0.0,0.0,0.0,0.0,0.0,0.04,0.0,0.0,0.01,0.0,0.0,0.0,0.01,0.0,0.0,,1,0,0,1,1,0,1,0,0,0,1,0,0,0,0,1,1,0,0,0,1,1,0,0,0,0,1,1,1,1,1,0,0,0,0,1,0,1,1,0,0,0,1,1,0,1,0,0,1,0,1,0,0,0,1,1,1,1,0,1,0,1,1,0,0,0,1
8,0.857,0.771,0.794,51,0.86,0.773,0.797,0,0.399,0,0.601,0.9,0,0.43,,0.0,0.02,0.0,0.03,0.0,0.07,0.0,0.0,0.0,0.0,0.1,0.0,0.0,0.0,0.0,0.0,0.0,0.0,0.01,0.0,0.0,0.09,0.0,0.0,0.0,0.03,0.17,0.06,0.0,0.0,0.0,0.0,0.0,0.0,0.0,0.0,0.0,0.0,0.06,0.0,0.0,0.0,0.17,0.07,0.07,0.0,0.0,0.0,0.0,0.0,0.0,0.0,0.0,0.0,0.0,0.0,0.0,0.0,0.0,0.0,0.0,0.04,0.02,0.0,,0,1,0,1,1,1,0,0,0,0,1,0,1,1,0,0,0,1,1,0,0,1,0,0,1,1,1,1,0,0,0,1,1,0,0,1,0,0,1,0,0,0,1,1,1,0,0,0,1,0,1,0,0,0,0,0,0,1,0,1,0,1,1,0,0,0,1
9,0.869,0.796,0.781,65,0.872,0.799,0.781,0,0.399,0,0.601,0.919,0,0.34,,0.0,0.0,0.08,0.0,0.05,0.0,0.0,0.0,0.0,0.0,0.07,0.0,0.0,0.01,0.0,0.0,0.0,0.0,0.07,0.0,0.0,0.1,0.0,0.0,0.0,0.0,0.0,0.0,0.12,0.03,0.0,0.0,0.0,0.0,0.0,0.02,0.0,0.0,0.08,0.0,0.0,0.0,0.09,0.08,0.02,0.03,0.0,0.0,0.0,0.0,0.01,0.0,0.0,0.0,0.11,0.0,0.0,0.0,0.0,0.0,0.0,0.01,0.0,0.0,,0,0,1,0,1,0,0,0,0,0,1,0,1,1,0,0,0,1,1,0,0,1,0,0,0,0,0,0,1,1,1,0,0,0,0,1,0,0,1,0,0,0,1,1,1,1,1,0,1,0,1,0,1,0,1,0,0,1,1,0,0,1,1,0,0,1,0
10,0.857,0.799,0.774,69,0.858,0.799,0.772,0,0.399,0,0.601,0.924,0,0.62,,0.0,0.0,0.0,0.0,0.0,0.0,0.0,0.0,0.0,0.01,0.07,0.0,0.0,0.09,0.0,0.0,0.0,0.0,0.06,0.0,0.0,0.11,0.0,0.0,0.0,0.0,0.0,0.0,0.12,0.03,0.0,0.0,0.0,0.0,0.0,0.02,0.0,0.0,0.06,0.0,0.0,0.0,0.09,0.09,0.03,0.03,0.0,0.0,0.0,0.0,0.03,0.0,0.0,0.0,0.09,0.0,0.0,0.0,0.02,0.0,0.0,0.03,0.01,0.0,,1,0,0,0,0,0,1,1,0,1,1,0,1,1,0,1,0,1,1,0,0,1,0,0,0,1,0,0,1,1,1,0,0,0,0,1,0,0,1,0,0,0,1,1,1,1,1,0,1,0,1,0,1,0,1,0,0,1,1,0,0,1,1,0,0,1,0
11,0.96,0.823,0.843,107,0.96,0.822,0.843,0,0.399,0,0.601,0.918,0,0.61,,0.0,0.0,0.0,0.02,0.05,0.0,0.01,0.0,0.0,0.0,0.06,0.0,0.0,0.0,0.0,0.0,0.0,0.0,0.0,0.0,0.04,0.1,0.0,0.0,0.0,0.0,0.15,0.05,0.1,0.02,0.03,0.0,0.0,0.0,0.0,0.0,0.0,0.02,0.05,0.0,0.0,0.0,0.09,0.09,0.0,0.02,0.0,0.0,0.0,0.0,0.02,0.0,0.0,0.0,0.07,0.0,0.0,0.0,0.0,0.0,0.0,0.0,0.0,0.0,,1,0,0,1,1,0,1,0,0,0,1,0,0,0,0,1,1,0,0,0,1,1,0,0,0,0,1,1,1,1,1,0,0,0,0,1,0,1,1,0,0,0,1,1,0,1,0,0,1,0,1,0,0,0,1,1,1,0,0,0,0,0,0,1,1,0,0
12,0.96,0.828,0.826,109,0.96,0.828,0.825,0,0.399,0,0.601,0.919,0,2000000000000000.0,,0.0,0.0,0.0,0.0,0.05,0.0,0.0,0.0,0.0,0.0,0.06,0.0,0.0,0.01,0.0,0.0,0.0,0.01,0.01,0.0,0.06,0.09,0.0,0.0,0.0,0.0,0.12,0.0,0.1,0.02,0.02,0.0,0.0,0.0,0.0,0.0,0.0,0.0,0.05,0.0,0.0,0.0,0.09,0.11,0.0,0.05,0.0,0.0,0.0,0.0,0.03,0.0,0.0,0.0,0.11,0.0,0.0,0.0,0.0,0.0,0.0,0.0,0.0,0.0,,0,0,0,0,1,0,0,0,0,0,1,1,0,1,0,1,0,1,1,0,1,1,1,0,1,0,1,0,1,1,1,0,0,0,0,1,0,0,1,0,0,0,1,1,0,1,0,0,1,0,1,0,0,0,1,1,1,0,0,0,0,0,0,1,1,0,0
13,0.675,0.603,0.639,25,0.661,0.586,0.623,0,0.399,0,0.601,0.823,1,2000000000000000.0,,0.0,0.0,0.0,0.0,0.0,0.0,0.0,0.0,0.0,0.0,0.0,0.0,0.0,0.0,0.0,0.0,0.0,0.0,0.0,0.0,0.05,0.0,0.0,0.0,0.0,0.0,0.32,0.0,0.12,0.0,0.09,0.0,0.0,0.0,0.0,0.0,0.0,0.0,0.1,0.0,0.0,0.0,0.0,0.0,0.0,0.0,0.0,0.0,0.0,0.0,0.0,0.12,0.0,0.0,0.15,0.0,0.0,0.0,0.0,0.05,0.0,0.0,0.0,0.0,,1,0,0,0,0,0,0,0,1,0,0,1,0,0,1,1,0,1,0,0,1,0,0,0,1,1,1,0,1,0,1,1,0,0,0,1,0,1,1,0,0,0,0,0,0,0,0,0,0,0,1,1,0,0,1,1,1,0,0,1,1,1,1,1,0,0,0
14,0.649,0.646,0.593,27,0.641,0.635,0.58,0,0.399,0,0.601,0.882,1,0.4,,0.0,0.0,0.0,0.04,0.0,0.1,0.0,0.0,0.0,0.02,0.0,0.0,0.0,0.02,0.0,0.0,0.0,0.0,0.0,0.0,0.0,0.14,0.0,0.0,0.0,0.0,0.0,0.03,0.18,0.08,0.0,0.0,0.0,0.0,0.0,0.0,0.0,0.0,0.0,0.0,0.0,0.0,0.14,0.12,0.0,0.0,0.0,0.0,0.0,0.0,0.0,0.0,0.0,0.0,0.0,0.02,0.0,0.0,0.0,0.0,0.1,0.0,0.0,0.0,,1,0,0,1,1,1,1,0,0,1,0,0,0,1,0,1,1,0,0,1,0,1,0,0,0,0,0,1,1,1,0,0,0,0,1,0,0,0,0,0,1,0,1,1,0,0,0,0,0,1,0,1,0,0,0,1,1,0,0,0,1,0,0,0,0,0,0
15,0.699,0.685,0.657,29,0.692,0.677,0.656,0,0.399,0,0.601,0.876,1,0.25,,0.0,0.0,0.0,0.0,0.0,0.0,0.0,0.0,0.0,0.0,0.09,0.0,0.0,0.1,0.0,0.0,0.0,0.0,0.0,0.0,0.1,0.0,0.0,0.0,0.0,0.02,0.0,0.0,0.0,0.0,0.11,0.0,0.0,0.0,0.0,0.0,0.0,0.07,0.0,0.0,0.0,0.0,0.23,0.0,0.09,0.0,0.08,0.0,0.0,0.0,0.0,0.0,0.0,0.1,0.0,0.0,0.0,0.0,0.0,0.0,0.0,0.0,0.0,0.0,,0,0,1,0,1,0,0,0,0,0,1,0,1,1,0,1,0,1,0,0,1,0,0,0,0,1,0,0,0,0,1,0,1,0,0,1,0,1,1,0,0,1,1,0,1,0,1,0,0,0,1,0,0,1,0,0,1,1,1,0,0,0,0,1,0,0,0
16,0.735,0.694,0.657,31,0.731,0.689,0.657,0,0.399,0,0.601,0.854,1,0.04,,0.0,0.0,0.0,0.0,0.0,0.0,0.0,0.0,0.0,0.0,0.0,0.0,0.0,0.0,0.0,0.0,0.0,0.0,0.03,0.07,0.1,0.0,0.0,0.0,0.0,0.0,0.0,0.0,0.0,0.0,0.11,0.0,0.0,0.0,0.0,0.03,0.0,0.0,0.0,0.0,0.0,0.0,0.28,0.0,0.09,0.0,0.0,0.0,0.0,0.0,0.0,0.08,0.0,0.0,0.15,0.0,0.0,0.0,0.0,0.0,0.03,0.03,0.0,0.0,,0,0,0,1,0,0,0,1,0,1,0,1,1,0,1,1,0,0,1,1,1,0,0,1,0,0,0,0,0,0,1,0,0,0,0,1,0,1,0,0,1,1,1,0,1,0,0,0,0,0,1,1,0,0,1,1,1,1,0,1,1,1,1,1,0,0,0
17,0.735,0.694,0.657,31,0.731,0.689,0.657,0,0.399,0,0.601,0.854,1,0.14,,0.0,0.0,0.0,0.0,0.0,0.0,0.0,0.0,0.0,0.0,0.0,0.0,0.0,0.0,0.0,0.0,0.0,0.0,0.03,0.07,0.1,0.0,0.0,0.0,0.0,0.0,0.0,0.0,0.0,0.0,0.11,0.0,0.0,0.0,0.0,0.03,0.0,0.0,0.0,0.0,0.0,0.0,0.28,0.0,0.09,0.0,0.0,0.0,0.0,0.0,0.0,0.08,0.0,0.0,0.15,0.0,0.0,0.0,0.0,0.0,0.03,0.03,0.0,0.0,,1,0,0,1,0,0,0,1,0,1,0,1,1,0,1,1,0,0,1,1,1,0,0,1,0,0,0,0,0,0,1,0,0,0,0,1,0,1,0,0,1,1,1,0,1,0,0,0,0,0,1,1,0,0,1,1,1,0,0,1,1,1,1,1,0,0,0
18,0.759,0.698,0.667,41,0.763,0.697,0.667,0,0.399,0,0.601,0.903,1,0.15,,0.0,0.0,0.0,0.01,0.0,0.0,0.0,0.0,0.0,0.0,0.16,0.0,0.0,0.08,0.0,0.0,0.0,0.0,0.08,0.0,0.1,0.0,0.04,0.0,0.0,0.0,0.0,0.0,0.1,0.0,0.1,0.0,0.0,0.0,0.0,0.0,0.0,0.0,0.0,0.0,0.0,0.0,0.03,0.1,0.0,0.0,0.0,0.0,0.0,0.0,0.0,0.0,0.0,0.0,0.1,0.0,0.0,0.0,0.0,0.04,0.0,0.06,0.0,0.0,,0,1,0,1,1,0,0,0,0,0,1,0,1,1,0,0,0,1,1,0,1,0,1,0,1,0,0,0,1,0,1,0,1,0,0,0,0,0,0,0,0,0,1,1,0,0,0,0,0,0,0,1,0,0,1,0,0,1,0,1,0,1,1,0,0,0,1
19,0.767,0.701,0.711,43,0.773,0.708,0.713,0,0.399,0,0.601,0.914,1,0.04,,0.0,0.0,0.09,0.03,0.0,0.08,0.0,0.0,0.0,0.0,0.0,0.0,0.0,0.0,0.0,0.0,0.0,0.0,0.0,0.0,0.01,0.11,0.0,0.0,0.0,0.0,0.0,0.0,0.14,0.06,0.0,0.0,0.0,0.0,0.05,0.01,0.0,0.0,0.09,0.0,0.0,0.0,0.11,0.1,0.0,0.02,0.0,0.0,0.0,0.0,0.03,0.0,0.0,0.0,0.0,0.0,0.0,0.01,0.0,0.02,0.0,0.01,0.06,0.0,,0,0,1,1,0,1,0,0,0,1,0,1,1,0,0,0,1,0,0,0,1,1,0,0,0,0,0,0,1,1,1,1,0,0,1,1,0,0,1,0,0,0,1,1,0,1,0,0,1,0,1,0,0,0,0,0,1,1,0,1,0,1,1,0,0,0,1
20,0.771,0.701,0.68,43,0.775,0.707,0.681,0,0.399,0,0.601,0.902,1,0.05,,0.0,0.0,0.08,0.0,0.0,0.08,0.0,0.0,0.0,0.0,0.0,0.0,0.0,0.0,0.0,0.0,0.0,0.0,0.0,0.0,0.01,0.11,0.0,0.0,0.0,0.0,0.0,0.0,0.14,0.06,0.0,0.0,0.0,0.0,0.06,0.01,0.0,0.0,0.1,0.0,0.0,0.0,0.11,0.11,0.0,0.0,0.0,0.0,0.0,0.0,0.03,0.0,0.0,0.0,0.1,0.0,0.0,0.0,0.0,0.0,0.0,0.0,0.0,0.0,,0,0,1,1,0,1,0,0,0,1,0,1,1,0,0,0,1,0,0,0,1,1,0,1,0,0,0,0,1,1,1,1,0,0,1,1,0,0,1,0,0,0,1,1,0,1,0,0,1,0,1,0,0,0,1,1,0,0,0,0,0,0,0,0,0,0,1
21,0.779,0.706,0.689,47,0.788,0.712,0.697,0,0.399,0,0.601,0.896,1,0.17,,0.0,0.0,0.0,0.0,0.0,0.0,0.0,0.0,0.0,0.0,0.13,0.0,0.0,0.1,0.0,0.0,0.0,0.0,0.0,0.0,0.07,0.0,0.0,0.0,0.0,0.0,0.0,0.0,0.1,0.0,0.14,0.0,0.0,0.0,0.0,0.0,0.0,0.09,0.08,0.0,0.0,0.01,0.0,0.1,0.0,0.0,0.0,0.0,0.0,0.0,0.0,0.0,0.0,0.0,0.11,0.0,0.0,0.0,0.0,0.0,0.07,0.0,0.0,0.0,,1,0,0,0,0,0,1,1,0,1,1,0,1,1,0,0,0,1,0,0,1,0,0,0,1,0,0,0,1,0,1,0,1,0,0,1,0,1,1,0,1,1,0,1,0,0,0,0,1,0,0,0,0,0,1,0,1,0,0,0,1,0,0,0,0,0,1
22,0.757,0.725,0.72,49,0.753,0.72,0.714,0,0.399,0,0.601,0.901,1,0.23,,0.0,0.0,0.0,0.0,0.03,0.13,0.0,0.0,0.0,0.01,0.0,0.0,0.0,0.04,0.0,0.0,0.0,0.0,0.0,0.01,0.0,0.11,0.0,0.0,0.0,0.0,0.0,0.09,0.15,0.0,0.05,0.0,0.0,0.0,0.0,0.0,0.0,0.0,0.0,0.0,0.0,0.0,0.12,0.11,0.0,0.0,0.0,0.0,0.0,0.0,0.0,0.0,0.0,0.0,0.04,0.0,0.0,0.0,0.0,0.01,0.0,0.07,0.01,0.0,,1,0,0,1,1,1,1,0,0,1,0,0,0,1,0,1,1,0,0,1,0,1,0,0,0,0,0,1,1,0,1,0,1,0,0,0,0,0,0,0,0,0,1,1,0,0,0,0,0,0,0,1,0,0,1,0,0,1,0,1,0,1,1,0,0,0,1
23,0.833,0.744,0.757,53,0.834,0.745,0.758,0,0.399,0,0.601,0.909,1,0.24,,0.0,0.02,0.0,0.04,0.05,0.0,0.0,0.0,0.0,0.0,0.08,0.0,0.0,0.0,0.0,0.0,0.0,0.0,0.07,0.0,0.0,0.1,0.0,0.0,0.0,0.09,0.0,0.1,0.0,0.0,0.0,0.0,0.0,0.0,0.0,0.02,0.0,0.0,0.07,0.0,0.0,0.0,0.18,0.08,0.0,0.01,0.0,0.0,0.0,0.0,0.03,0.0,0.0,0.0,0.0,0.0,0.0,0.0,0.0,0.0,0.0,0.06,0.01,0.0,,0,1,0,1,1,0,0,0,0,0,1,0,1,1,0,0,0,1,1,0,0,1,0,0,1,1,0,1,0,0,0,1,1,0,0,1,0,0,1,0,0,0,1,1,0,1,0,0,1,0,1,0,0,0,0,0,0,1,0,1,0,1,1,0,0,0,1
24,0.835,0.766,0.772,55,0.838,0.77,0.775,0,0.399,0,0.601,0.909,1,0.26,,0.0,0.0,0.06,0.0,0.06,0.0,0.0,0.0,0.0,0.01,0.07,0.0,0.0,0.0,0.0,0.0,0.0,0.0,0.02,0.0,0.02,0.1,0.0,0.0,0.0,0.0,0.0,0.0,0.0,0.07,0.04,0.0,0.0,0.0,0.0,0.04,0.0,0.0,0.08,0.0,0.0,0.0,0.18,0.09,0.0,0.04,0.0,0.0,0.0,0.0,0.01,0.0,0.0,0.0,0.11,0.0,0.0,0.0,0.0,0.0,0.0,0.0,0.0,0.0,,0,0,1,0,1,0,0,0,1,1,1,0,0,0,0,0,0,0,1,0,1,1,0,0,0,0,0,0,0,1,1,0,0,0,0,1,0,1,1,0,0,0,1,1,0,1,0,0,1,0,1,0,0,0,1,1,0,0,0,0,0,0,0,0,0,0,1
25,0.849,0.776,0.756,65,0.849,0.774,0.753,0,0.399,0,0.601,0.919,1,0.24,,0.0,0.0,0.0,0.03,0.08,0.0,0.0,0.0,0.0,0.01,0.08,0.0,0.0,0.0,0.0,0.0,0.0,0.0,0.08,0.0,0.0,0.11,0.0,0.0,0.0,0.0,0.0,0.0,0.12,0.04,0.0,0.0,0.0,0.0,0.0,0.02,0.0,0.0,0.05,0.0,0.0,0.0,0.1,0.09,0.03,0.0,0.0,0.0,0.0,0.0,0.0,0.0,0.01,0.0,0.08,0.0,0.0,0.0,0.0,0.0,0.07,0.01,0.0,0.0,,0,1,0,1,1,0,0,0,1,1,1,0,0,0,0,0,0,0,1,0,0,1,0,0,0,0,0,0,1,1,1,0,0,0,0,1,0,0,1,0,0,0,1,1,1,1,0,0,1,0,1,0,1,0,1,0,1,1,1,0,1,1,1,0,0,1,0
26,0.861,0.793,0.774,67,0.864,0.796,0.774,0,0.399,0,0.601,0.911,1,0.25,,0.0,0.0,0.0,0.0,0.05,0.0,0.0,0.0,0.0,0.0,0.13,0.0,0.0,0.0,0.0,0.0,0.0,0.0,0.06,0.0,0.02,0.11,0.0,0.0,0.0,0.0,0.0,0.0,0.13,0.04,0.0,0.0,0.0,0.0,0.0,0.02,0.0,0.0,0.06,0.0,0.0,0.0,0.11,0.09,0.02,0.03,0.0,0.0,0.0,0.0,0.0,0.0,0.0,0.0,0.11,0.0,0.0,0.01,0.02,0.0,0.0,0.0,0.0,0.0,,0,1,0,0,1,0,0,0,1,1,1,0,0,0,0,0,0,0,1,0,1,1,0,0,0,0,0,0,1,1,1,0,0,0,0,1,0,0,1,0,0,0,1,1,1,1,0,0,1,0,1,0,1,0,1,0,0,1,1,1,0,0,0,1,0,1,0
27,0.869,0.797,0.796,81,0.874,0.8,0.798,0,0.399,0,0.601,0.917,1,0.51,,0.0,0.0,0.0,0.0,0.0,0.08,0.0,0.0,0.0,0.0,0.0,0.0,0.0,0.03,0.0,0.0,0.0,0.0,0.0,0.11,0.0,0.12,0.0,0.0,0.0,0.0,0.0,0.0,0.07,0.06,0.0,0.0,0.0,0.0,0.05,0.0,0.09,0.0,0.07,0.0,0.0,0.0,0.1,0.07,0.0,0.03,0.0,0.0,0.0,0.0,0.0,0.01,0.0,0.0,0.1,0.0,0.0,0.0,0.0,0.0,0.0,0.0,0.01,0.0,,0,0,0,0,0,1,0,1,0,0,0,0,0,1,0,1,1,1,0,1,0,1,0,0,0,0,0,0,1,1,0,0,0,0,1,1,1,0,1,0,0,0,1,1,0,1,0,0,0,0,0,1,0,0,1,0,1,0,0,0,0,0,1,1,0,1,0
28,0.96,0.819,0.833,107,0.96,0.818,0.833,0,0.399,0,0.601,0.914,1,0.42,,0.0,0.0,0.0,0.02,0.05,0.0,0.01,0.0,0.0,0.0,0.05,0.0,0.0,0.0,0.0,0.0,0.0,0.0,0.0,0.0,0.03,0.1,0.0,0.0,0.0,0.0,0.15,0.05,0.1,0.01,0.03,0.0,0.0,0.0,0.0,0.01,0.0,0.02,0.05,0.0,0.0,0.0,0.11,0.1,0.0,0.01,0.0,0.0,0.0,0.0,0.0,0.0,0.0,0.0,0.07,0.0,0.0,0.0,0.01,0.0,0.0,0.0,0.0,0.0,,1,0,0,1,1,0,1,0,0,0,1,0,0,0,0,1,1,0,0,0,1,1,0,0,0,0,1,1,1,1,1,0,0,0,0,1,0,1,1,0,0,0,1,1,0,1,0,0,1,0,1,0,0,0,1,1,0,1,1,0,0,0,0,1,1,0,0
29,0.964,0.825,0.809,111,0.964,0.824,0.808,0,0.399,0,0.601,0.92,1,0.18,,0.0,0.0,0.01,0.0,0.06,0.0,0.0,0.0,0.0,0.0,0.07,0.0,0.03,0.01,0.0,0.0,0.0,0.0,0.02,0.0,0.0,0.09,0.0,0.0,0.0,0.0,0.13,0.0,0.1,0.01,0.02,0.0,0.0,0.0,0.0,0.01,0.0,0.01,0.05,0.0,0.0,0.0,0.1,0.09,0.0,0.05,0.0,0.0,0.0,0.0,0.03,0.0,0.0,0.0,0.11,0.0,0.0,0.0,0.0,0.0,0.0,0.0,0.0,0.0,,0,0,1,0,1,0,0,0,0,0,1,0,1,1,0,0,0,1,1,0,0,1,0,0,1,0,1,0,1,1,1,0,0,0,0,1,0,1,1,0,0,0,1,1,0,1,0,0,1,0,1,0,0,0,1,1,1,0,0,0,0,0,0,1,1,0,0
30,0.96,0.826,0.798,121,0.96,0.826,0.797,0,0.399,0,0.601,0.916,1,0.15,,0.0,0.0,0.0,0.0,0.06,0.0,0.0,0.0,0.0,0.01,0.07,0.0,0.0,0.0,0.0,0.0,0.0,0.0,0.03,0.02,0.0,0.11,0.0,0.01,0.0,0.0,0.12,0.0,0.1,0.03,0.0,0.0,0.0,0.0,0.0,0.02,0.0,0.0,0.06,0.0,0.0,0.0,0.11,0.08,0.0,0.03,0.0,0.0,0.0,0.0,0.03,0.0,0.0,0.0,0.11,0.0,0.0,0.0,0.0,0.0,0.0,0.0,0.0,0.0,,0,0,0,0,1,0,0,0,1,1,1,0,0,0,0,0,1,0,1,1,0,1,0,1,0,0,1,0,1,1,1,0,0,0,0,1,0,0,1,0,0,0,1,1,0,1,0,0,1,0,1,0,0,0,1,1,0,0,0,0,0,0,0,1,1,0,0
31,0.96,0.828,0.813,125,0.96,0.827,0.814,0,0.399,0,0.601,0.927,1,2000000000000000.0,,0.0,0.0,0.0,0.01,0.05,0.0,0.0,0.0,0.0,0.0,0.08,0.0,0.04,0.06,0.0,0.0,0.0,0.0,0.04,0.0,0.0,0.12,0.0,0.0,0.0,0.0,0.0,0.0,0.05,0.05,0.0,0.0,0.0,0.0,0.06,0.0,0.07,0.0,0.05,0.0,0.0,0.01,0.1,0.09,0.0,0.0,0.0,0.0,0.0,0.0,0.0,0.0,0.01,0.0,0.09,0.0,0.0,0.0,0.02,0.0,0.0,0.0,0.0,0.0,,0,1,0,1,1,0,0,0,1,0,1,0,1,1,0,0,0,1,1,0,0,1,0,0,1,0,0,0,1,1,0,0,0,0,1,1,1,0,1,1,0,1,1,1,0,0,0,0,0,0,0,0,1,0,1,0,1,0,1,0,0,0,0,1,1,0,0
32,0.675,0.601,0.637,25,0.661,0.584,0.621,0,0.399,0,0.601,0.833,2,1000000000000000.1,,0.0,0.0,0.0,0.0,0.0,0.0,0.0,0.0,0.0,0.0,0.0,0.0,0.0,0.05,0.0,0.0,0.0,0.0,0.0,0.0,0.05,0.0,0.0,0.0,0.0,0.0,0.32,0.0,0.12,0.0,0.09,0.0,0.0,0.0,0.0,0.0,0.0,0.0,0.1,0.0,0.0,0.0,0.0,0.0,0.0,0.0,0.0,0.0,0.0,0.0,0.0,0.12,0.0,0.0,0.1,0.0,0.0,0.0,0.0,0.05,0.0,0.0,0.0,0.0,,1,0,0,0,0,0,1,1,0,1,0,1,0,1,1,1,0,1,0,0,1,0,0,1,1,0,1,0,1,0,1,1,0,0,0,1,0,1,1,0,0,0,0,0,0,0,0,0,0,0,1,1,0,0,1,1,1,1,0,1,1,1,1,1,0,0,0
33,0.675,0.601,0.633,25,0.661,0.585,0.618,0,0.399,0,0.601,0.833,2,1000000000000000.0,,0.0,0.0,0.0,0.0,0.0,0.0,0.0,0.0,0.0,0.0,0.0,0.0,0.0,0.0,0.0,0.0,0.0,0.0,0.0,0.0,0.05,0.0,0.0,0.0,0.0,0.0,0.32,0.0,0.12,0.0,0.09,0.0,0.0,0.0,0.0,0.0,0.0,0.0,0.1,0.0,0.0,0.0,0.0,0.0,0.0,0.0,0.0,0.0,0.0,0.0,0.0,0.12,0.0,0.0,0.1,0.0,0.0,0.0,0.0,0.05,0.0,0.0,0.05,0.0,,0,1,0,0,0,0,0,0,1,0,0,1,0,0,1,1,0,1,0,0,1,0,0,0,1,1,1,0,1,0,1,1,0,0,0,1,0,1,1,0,0,0,0,0,0,0,0,0,0,0,1,1,0,0,1,1,1,0,0,1,1,1,1,1,0,0,0
34,0.647,0.634,0.561,27,0.634,0.618,0.538,0,0.399,0,0.601,0.883,2,0.41,,0.0,0.0,0.0,0.0,0.08,0.0,0.0,0.0,0.0,0.0,0.04,0.0,0.0,0.0,0.0,0.0,0.0,0.0,0.0,0.0,0.0,0.15,0.0,0.0,0.0,0.0,0.0,0.08,0.18,0.08,0.0,0.0,0.0,0.0,0.0,0.0,0.0,0.0,0.0,0.0,0.0,0.05,0.14,0.12,0.03,0.0,0.0,0.0,0.0,0.0,0.0,0.0,0.0,0.0,0.0,0.0,0.0,0.0,0.05,0.0,0.0,0.0,0.0,0.0,,0,0,1,0,1,0,0,0,0,0,1,0,1,1,0,0,1,0,0,1,0,1,1,0,0,0,0,1,1,1,0,0,0,0,1,0,0,0,0,0,1,1,1,1,1,0,0,0,0,1,0,1,0,0,0,1,1,1,1,0,0,0,0,1,0,0,0
35,0.697,0.683,0.656,29,0.692,0.677,0.657,0,0.399,0,0.601,0.88,2,0.03,,0.0,0.0,0.0,0.0,0.0,0.0,0.0,0.0,0.0,0.0,0.09,0.0,0.0,0.08,0.0,0.0,0.0,0.0,0.03,0.0,0.1,0.0,0.0,0.0,0.0,0.02,0.0,0.0,0.0,0.0,0.11,0.0,0.0,0.0,0.0,0.0,0.0,0.07,0.0,0.0,0.0,0.0,0.23,0.0,0.09,0.0,0.08,0.0,0.0,0.0,0.0,0.0,0.0,0.1,0.0,0.0,0.0,0.0,0.0,0.0,0.0,0.0,0.0,0.0,,0,1,0,1,1,0,0,0,1,0,1,0,1,1,0,0,0,1,1,1,1,0,0,0,0,1,0,0,0,0,1,0,0,0,0,1,0,1,0,0,0,0,1,0,1,0,1,0,0,0,0,0,0,1,0,1,1,1,1,0,0,0,1,0,0,0,0
36,0.697,0.683,0.656,29,0.692,0.677,0.657,0,0.399,0,0.601,0.88,2,0.0,,0.0,0.0,0.0,0.0,0.0,0.0,0.0,0.0,0.0,0.0,0.09,0.0,0.0,0.08,0.0,0.0,0.0,0.0,0.03,0.0,0.1,0.0,0.0,0.0,0.0,0.02,0.0,0.0,0.0,0.0,0.11,0.0,0.0,0.0,0.0,0.0,0.0,0.07,0.0,0.0,0.0,0.0,0.23,0.0,0.09,0.0,0.08,0.0,0.0,0.0,0.0,0.0,0.0,0.1,0.0,0.0,0.0,0.0,0.0,0.0,0.0,0.0,0.0,0.0,,1,0,0,1,1,0,0,0,1,0,1,0,1,1,0,0,0,1,1,1,1,0,0,0,0,1,0,0,0,0,1,0,0,0,0,1,0,1,0,0,0,0,1,0,1,0,1,0,0,0,0,0,0,1,0,1,1,1,1,0,0,0,1,0,0,0,0
37,0.697,0.683,0.656,29,0.692,0.677,0.657,0,0.399,0,0.601,0.88,2,0.24,,0.0,0.0,0.0,0.0,0.0,0.0,0.0,0.0,0.0,0.0,0.09,0.0,0.0,0.08,0.0,0.0,0.0,0.0,0.03,0.0,0.1,0.0,0.0,0.0,0.0,0.02,0.0,0.0,0.0,0.0,0.11,0.0,0.0,0.0,0.0,0.0,0.0,0.07,0.0,0.0,0.0,0.0,0.23,0.0,0.09,0.0,0.08,0.0,0.0,0.0,0.0,0.0,0.0,0.1,0.0,0.0,0.0,0.0,0.0,0.0,0.0,0.0,0.0,0.0,,1,0,0,1,1,0,1,1,0,1,1,1,1,1,0,0,0,1,1,1,1,0,0,0,1,1,0,0,0,0,1,0,0,0,0,1,0,1,0,0,0,0,1,0,1,0,1,0,0,0,0,0,0,1,0,1,1,1,1,0,0,0,1,0,0,0,0
38,0.703,0.686,0.648,31,0.697,0.678,0.649,0,0.399,0,0.601,0.872,2,0.07,,0.0,0.0,0.0,0.0,0.0,0.0,0.0,0.0,0.0,0.0,0.0,0.0,0.0,0.0,0.0,0.0,0.0,0.0,0.09,0.12,0.1,0.0,0.0,0.0,0.0,0.0,0.0,0.0,0.0,0.0,0.11,0.0,0.0,0.0,0.0,0.0,0.0,0.08,0.0,0.0,0.0,0.0,0.23,0.0,0.09,0.0,0.08,0.0,0.0,0.0,0.0,0.0,0.0,0.1,0.0,0.0,0.0,0.0,0.0,0.0,0.0,0.0,0.0,0.0,,0,1,0,1,0,0,0,1,0,1,0,0,1,0,0,0,0,1,1,1,1,0,0,0,0,0,0,0,0,0,1,0,0,0,0,1,0,1,0,0,0,0,1,0,1,0,1,0,0,0,1,0,0,1,0,0,1,1,1,0,0,0,0,0,0,0,0
39,0.703,0.686,0.648,31,0.697,0.678,0.649,0,0.399,0,0.601,0.872,2,0.0,,0.0,0.0,0.0,0.0,0.0,0.0,0.0,0.0,0.0,0.0,0.0,0.0,0.0,0.0,0.0,0.0,0.0,0.0,0.09,0.12,0.1,0.0,0.0,0.0,0.0,0.0,0.0,0.0,0.0,0.0,0.11,0.0,0.0,0.0,0.0,0.0,0.0,0.08,0.0,0.0,0.0,0.0,0.23,0.0,0.09,0.0,0.08,0.0,0.0,0.0,0.0,0.0,0.0,0.1,0.0,0.0,0.0,0.0,0.0,0.0,0.0,0.0,0.0,0.0,,0,0,0,1,0,0,0,1,0,1,0,1,0,0,0,1,0,0,1,1,1,0,0,1,0,0,0,0,0,0,1,0,0,0,0,1,0,1,0,0,1,1,1,0,1,0,1,0,0,0,0,0,0,1,0,0,1,1,1,0,0,0,0,1,0,0,0
40,0.703,0.686,0.648,31,0.697,0.678,0.649,0,0.399,0,0.601,0.872,2,0.0,,0.0,0.0,0.0,0.0,0.0,0.0,0.0,0.0,0.0,0.0,0.0,0.0,0.0,0.0,0.0,0.0,0.0,0.0,0.09,0.12,0.1,0.0,0.0,0.0,0.0,0.0,0.0,0.0,0.0,0.0,0.11,0.0,0.0,0.0,0.0,0.0,0.0,0.08,0.0,0.0,0.0,0.0,0.23,0.0,0.09,0.0,0.08,0.0,0.0,0.0,0.0,0.0,0.0,0.1,0.0,0.0,0.0,0.0,0.0,0.0,0.0,0.0,0.0,0.0,,0,0,0,1,0,0,0,0,1,0,0,0,0,0,0,0,0,1,1,1,1,0,0,0,0,0,0,0,0,0,1,0,0,0,0,1,0,1,0,0,0,0,1,0,1,0,1,0,0,0,0,0,0,1,0,0,1,1,1,0,0,0,1,1,0,0,0
41,0.703,0.686,0.648,31,0.697,0.678,0.649,0,0.399,0,0.601,0.872,2,0.0,,0.0,0.0,0.0,0.0,0.0,0.0,0.0,0.0,0.0,0.0,0.0,0.0,0.0,0.0,0.0,0.0,0.0,0.0,0.09,0.12,0.1,0.0,0.0,0.0,0.0,0.0,0.0,0.0,0.0,0.0,0.11,0.0,0.0,0.0,0.0,0.0,0.0,0.08,0.0,0.0,0.0,0.0,0.23,0.0,0.09,0.0,0.08,0.0,0.0,0.0,0.0,0.0,0.0,0.1,0.0,0.0,0.0,0.0,0.0,0.0,0.0,0.0,0.0,0.0,,0,1,0,1,0,0,1,1,0,1,0,1,1,0,0,1,0,1,1,1,1,0,0,0,0,0,0,0,0,0,1,0,0,0,1,1,0,1,0,0,0,0,1,0,1,0,1,0,0,0,0,0,0,1,0,0,1,1,1,0,0,0,0,1,0,0,0
42,0.703,0.686,0.648,31,0.697,0.678,0.649,0,0.399,0,0.601,0.872,2,0.0,,0.0,0.0,0.0,0.0,0.0,0.0,0.0,0.0,0.0,0.0,0.0,0.0,0.0,0.0,0.0,0.0,0.0,0.0,0.09,0.12,0.1,0.0,0.0,0.0,0.0,0.0,0.0,0.0,0.0,0.0,0.11,0.0,0.0,0.0,0.0,0.0,0.0,0.08,0.0,0.0,0.0,0.0,0.23,0.0,0.09,0.0,0.08,0.0,0.0,0.0,0.0,0.0,0.0,0.1,0.0,0.0,0.0,0.0,0.0,0.0,0.0,0.0,0.0,0.0,,0,0,0,0,1,0,0,0,1,0,0,0,0,0,0,0,0,1,1,1,1,0,0,0,0,0,0,0,0,0,1,0,0,0,0,1,0,1,0,0,0,0,1,0,1,0,1,0,0,0,0,0,0,1,0,0,1,1,1,0,0,0,1,1,0,0,0
43,0.689,0.686,0.637,31,0.693,0.684,0.643,0,0.399,0,0.601,0.878,2,0.0,,0.0,0.0,0.0,0.0,0.0,0.0,0.0,0.0,0.0,0.0,0.09,0.0,0.0,0.0,0.0,0.0,0.0,0.01,0.05,0.07,0.1,0.0,0.0,0.0,0.0,0.0,0.0,0.0,0.0,0.0,0.11,0.0,0.0,0.0,0.0,0.04,0.0,0.07,0.0,0.0,0.0,0.0,0.24,0.0,0.1,0.0,0.08,0.0,0.0,0.0,0.0,0.0,0.0,0.0,0.0,0.0,0.0,0.0,0.03,0.0,0.0,0.0,0.0,0.0,,1,0,0,1,0,0,0,1,0,1,1,0,1,0,0,0,0,1,1,1,1,0,0,0,0,0,0,0,0,0,1,0,0,0,0,1,0,1,0,0,0,0,1,0,1,0,1,0,0,0,1,0,0,0,0,0,1,1,1,0,0,0,0,0,0,0,0
44,0.703,0.686,0.648,31,0.697,0.678,0.649,0,0.399,0,0.601,0.872,2,0.0,,0.0,0.0,0.0,0.0,0.0,0.0,0.0,0.0,0.0,0.0,0.0,0.0,0.0,0.0,0.0,0.0,0.0,0.0,0.09,0.12,0.1,0.0,0.0,0.0,0.0,0.0,0.0,0.0,0.0,0.0,0.11,0.0,0.0,0.0,0.0,0.0,0.0,0.08,0.0,0.0,0.0,0.0,0.23,0.0,0.09,0.0,0.08,0.0,0.0,0.0,0.0,0.0,0.0,0.1,0.0,0.0,0.0,0.0,0.0,0.0,0.0,0.0,0.0,0.0,,0,0,1,0,1,0,0,1,0,1,0,0,0,0,0,1,0,0,1,1,1,0,0,1,0,0,0,0,0,0,1,0,0,0,0,1,0,1,0,0,1,1,1,0,1,0,1,0,0,0,0,0,0,1,0,0,1,1,1,0,0,0,0,1,0,0,0
45,0.703,0.686,0.648,31,0.697,0.678,0.649,0,0.399,0,0.601,0.872,2,0.0,,0.0,0.0,0.0,0.0,0.0,0.0,0.0,0.0,0.0,0.0,0.0,0.0,0.0,0.0,0.0,0.0,0.0,0.0,0.09,0.12,0.1,0.0,0.0,0.0,0.0,0.0,0.0,0.0,0.0,0.0,0.11,0.0,0.0,0.0,0.0,0.0,0.0,0.08,0.0,0.0,0.0,0.0,0.23,0.0,0.09,0.0,0.08,0.0,0.0,0.0,0.0,0.0,0.0,0.1,0.0,0.0,0.0,0.0,0.0,0.0,0.0,0.0,0.0,0.0,,0,0,0,1,0,0,0,0,1,0,0,1,0,0,0,0,0,0,1,1,1,0,0,0,0,0,0,0,0,0,1,0,0,0,0,1,0,1,0,0,0,0,1,0,1,0,1,0,0,0,0,0,0,1,0,0,1,1,1,0,0,0,1,1,0,0,0
46,0.703,0.686,0.648,31,0.697,0.678,0.649,0,0.399,0,0.601,0.872,2,0.0,,0.0,0.0,0.0,0.0,0.0,0.0,0.0,0.0,0.0,0.0,0.0,0.0,0.0,0.0,0.0,0.0,0.0,0.0,0.09,0.12,0.1,0.0,0.0,0.0,0.0,0.0,0.0,0.0,0.0,0.0,0.11,0.0,0.0,0.0,0.0,0.0,0.0,0.08,0.0,0.0,0.0,0.0,0.23,0.0,0.09,0.0,0.08,0.0,0.0,0.0,0.0,0.0,0.0,0.1,0.0,0.0,0.0,0.0,0.0,0.0,0.0,0.0,0.0,0.0,,0,0,0,1,0,0,0,1,0,1,0,1,0,0,0,1,0,0,1,1,1,0,0,1,0,0,0,0,0,0,1,1,0,0,0,1,0,1,0,0,1,0,1,0,1,0,1,0,0,0,0,0,0,1,0,1,1,1,1,0,0,0,1,0,0,0,0
47,0.703,0.686,0.648,31,0.697,0.678,0.649,0,0.399,0,0.601,0.872,2,0.0,,0.0,0.0,0.0,0.0,0.0,0.0,0.0,0.0,0.0,0.0,0.0,0.0,0.0,0.0,0.0,0.0,0.0,0.0,0.09,0.12,0.1,0.0,0.0,0.0,0.0,0.0,0.0,0.0,0.0,0.0,0.11,0.0,0.0,0.0,0.0,0.0,0.0,0.08,0.0,0.0,0.0,0.0,0.23,0.0,0.09,0.0,0.08,0.0,0.0,0.0,0.0,0.0,0.0,0.1,0.0,0.0,0.0,0.0,0.0,0.0,0.0,0.0,0.0,0.0,,0,0,0,0,0,0,0,1,0,1,0,0,0,0,0,0,0,1,1,1,1,0,0,0,0,0,0,0,0,0,1,0,0,0,0,1,0,1,0,0,0,0,1,0,1,0,1,0,0,0,0,0,0,1,0,0,1,1,1,0,0,0,1,1,0,0,0
48,0.703,0.686,0.648,31,0.697,0.678,0.649,0,0.399,0,0.601,0.872,2,0.14,,0.0,0.0,0.0,0.0,0.0,0.0,0.0,0.0,0.0,0.0,0.0,0.0,0.0,0.0,0.0,0.0,0.0,0.0,0.09,0.12,0.1,0.0,0.0,0.0,0.0,0.0,0.0,0.0,0.0,0.0,0.11,0.0,0.0,0.0,0.0,0.0,0.0,0.08,0.0,0.0,0.0,0.0,0.23,0.0,0.09,0.0,0.08,0.0,0.0,0.0,0.0,0.0,0.0,0.1,0.0,0.0,0.0,0.0,0.0,0.0,0.0,0.0,0.0,0.0,,0,0,1,0,0,0,0,0,0,0,0,0,0,0,0,0,0,1,1,1,1,0,0,0,0,0,0,0,0,0,1,0,0,0,0,1,0,1,0,0,0,0,1,0,1,0,1,0,0,0,0,0,0,1,0,0,1,1,1,0,0,0,1,1,0,0,0
49,0.777,0.698,0.713,43,0.781,0.701,0.717,0,0.399,0,0.601,0.865,2,0.21,,0.0,0.0,0.0,0.0,0.0,0.0,0.0,0.0,0.0,0.0,0.0,0.0,0.0,0.0,0.0,0.0,0.0,0.0,0.0,0.0,0.12,0.0,0.0,0.0,0.0,0.0,0.21,0.0,0.1,0.0,0.12,0.0,0.0,0.0,0.0,0.0,0.0,0.1,0.08,0.0,0.0,0.0,0.0,0.13,0.0,0.0,0.0,0.0,0.0,0.0,0.0,0.0,0.0,0.0,0.15,0.0,0.0,0.0,0.0,0.0,0.0,0.0,0.0,0.0,,1,0,0,0,0,0,0,0,1,0,0,1,0,0,1,1,0,1,0,0,1,0,0,0,1,1,1,0,1,0,1,1,0,0,0,1,0,1,1,0,1,1,0,1,0,0,0,0,1,0,0,0,0,0,1,0,1,0,0,0,1,0,0,0,0,0,1
50,0.765,0.701,0.669,45,0.767,0.698,0.668,0,0.399,0,0.601,0.9,2,0.06,,0.0,0.0,0.0,0.04,0.0,0.0,0.0,0.0,0.0,0.0,0.13,0.0,0.0,0.1,0.0,0.0,0.0,0.0,0.0,0.0,0.11,0.0,0.02,0.0,0.0,0.0,0.0,0.0,0.1,0.0,0.14,0.0,0.0,0.0,0.0,0.0,0.0,0.0,0.0,0.0,0.0,0.0,0.03,0.1,0.0,0.0,0.0,0.0,0.0,0.0,0.0,0.01,0.0,0.0,0.1,0.0,0.0,0.0,0.0,0.04,0.0,0.06,0.01,0.0,,0,1,0,1,0,0,0,0,0,0,1,1,1,1,0,1,0,0,0,0,1,0,1,0,1,0,0,0,1,0,1,0,1,0,0,0,0,0,0,0,0,0,1,1,0,0,0,0,0,0,0,1,0,0,1,0,0,1,0,1,0,1,1,0,0,0,1
51,0.753,0.702,0.689,47,0.752,0.7,0.678,0,0.399,0,0.601,0.891,2,0.1,,0.0,0.0,0.0,0.0,0.0,0.12,0.0,0.0,0.0,0.0,0.09,0.0,0.0,0.0,0.0,0.0,0.0,0.0,0.09,0.0,0.0,0.12,0.0,0.0,0.0,0.0,0.0,0.0,0.15,0.0,0.0,0.0,0.0,0.0,0.0,0.0,0.0,0.0,0.0,0.0,0.0,0.0,0.16,0.1,0.0,0.0,0.0,0.0,0.0,0.0,0.0,0.0,0.0,0.0,0.04,0.0,0.0,0.01,0.0,0.03,0.0,0.07,0.01,0.0,,0,1,0,1,0,1,0,0,1,1,1,0,1,0,0,0,0,0,1,0,0,1,0,1,0,0,0,0,1,0,1,0,1,0,0,0,0,0,0,0,0,0,1,1,0,0,0,0,0,0,0,1,0,0,1,0,0,1,0,1,0,1,1,0,0,0,1
52,0.761,0.702,0.672,47,0.765,0.703,0.676,0,0.399,0,0.601,0.891,2,0.0,,0.0,0.0,0.0,0.0,0.0,0.0,0.0,0.0,0.0,0.0,0.12,0.0,0.0,0.04,0.0,0.0,0.0,0.0,0.0,0.0,0.11,0.0,0.0,0.0,0.0,0.0,0.0,0.0,0.11,0.15,0.0,0.0,0.0,0.0,0.0,0.0,0.0,0.0,0.0,0.0,0.0,0.0,0.04,0.11,0.0,0.0,0.07,0.0,0.0,0.0,0.0,0.0,0.0,0.0,0.0,0.0,0.0,0.0,0.0,0.04,0.0,0.06,0.15,0.0,,1,0,0,0,0,0,1,0,0,0,1,1,1,1,0,1,0,0,0,0,1,0,0,0,1,0,0,0,1,1,1,0,1,0,0,0,0,0,0,0,0,0,1,1,0,0,1,0,0,0,1,0,1,0,0,0,0,1,0,1,0,1,1,0,0,0,1
53,0.753,0.702,0.67,47,0.758,0.704,0.676,0,0.399,0,0.601,0.902,2,0.03,,0.0,0.0,0.0,0.0,0.0,0.0,0.0,0.0,0.0,0.03,0.09,0.0,0.0,0.04,0.0,0.0,0.0,0.0,0.0,0.0,0.11,0.0,0.02,0.0,0.0,0.0,0.0,0.0,0.11,0.15,0.0,0.0,0.0,0.0,0.0,0.0,0.0,0.0,0.0,0.0,0.0,0.0,0.03,0.1,0.0,0.0,0.07,0.0,0.0,0.0,0.01,0.0,0.0,0.0,0.0,0.0,0.0,0.0,0.0,0.04,0.0,0.06,0.14,0.0,,0,0,0,0,1,0,0,0,1,1,1,1,1,1,0,1,0,0,0,0,1,0,1,0,1,0,0,0,1,1,1,0,1,0,0,0,0,0,0,0,0,0,1,1,0,0,1,0,0,0,1,0,0,0,0,0,0,1,0,1,0,1,1,0,0,0,1
54,0.783,0.719,0.728,49,0.79,0.723,0.732,0,0.399,0,0.601,0.898,2,0.12,,0.0,0.0,0.0,0.0,0.0,0.0,0.0,0.0,0.0,0.0,0.08,0.0,0.0,0.09,0.0,0.0,0.0,0.0,0.0,0.0,0.06,0.0,0.0,0.0,0.0,0.0,0.0,0.0,0.1,0.14,0.0,0.0,0.0,0.0,0.0,0.01,0.0,0.0,0.11,0.0,0.0,0.0,0.03,0.1,0.0,0.07,0.0,0.0,0.0,0.0,0.0,0.0,0.0,0.0,0.15,0.0,0.0,0.0,0.0,0.0,0.07,0.0,0.0,0.0,,1,0,0,0,0,0,1,1,0,1,1,0,1,1,0,1,0,1,0,0,1,0,0,0,1,0,0,0,1,1,1,0,0,0,0,1,0,0,1,0,0,0,1,1,0,1,0,0,1,0,1,0,0,0,1,1,0,1,0,0,1,0,0,0,0,0,1
55,0.759,0.719,0.72,49,0.757,0.712,0.709,0,0.399,0,0.601,0.904,2,0.12,,0.0,0.0,0.0,0.0,0.0,0.12,0.0,0.0,0.0,0.01,0.0,0.0,0.0,0.02,0.0,0.0,0.0,0.0,0.0,0.01,0.0,0.11,0.0,0.0,0.0,0.0,0.0,0.09,0.15,0.06,0.0,0.0,0.0,0.0,0.05,0.0,0.0,0.0,0.0,0.0,0.0,0.0,0.11,0.11,0.0,0.0,0.0,0.0,0.0,0.01,0.0,0.01,0.04,0.0,0.0,0.0,0.0,0.0,0.0,0.04,0.0,0.07,0.0,0.0,,1,0,0,1,0,1,1,0,0,1,0,0,0,1,0,1,1,0,0,1,0,1,0,0,0,0,0,1,1,1,0,0,0,0,1,0,0,0,0,0,1,0,1,1,0,0,0,1,0,1,0,1,1,0,0,0,0,0,0,1,0,1,0,0,0,0,1
56,0.825,0.742,0.765,53,0.825,0.738,0.765,0,0.399,0,0.601,0.904,2,0.25,,0.0,0.0,0.0,0.0,0.0,0.0,0.0,0.0,0.0,0.01,0.0,0.0,0.05,0.05,0.0,0.0,0.0,0.0,0.07,0.0,0.0,0.1,0.0,0.0,0.0,0.09,0.0,0.1,0.0,0.0,0.0,0.0,0.0,0.0,0.02,0.02,0.0,0.0,0.08,0.0,0.0,0.0,0.18,0.08,0.0,0.0,0.0,0.0,0.0,0.0,0.06,0.0,0.0,0.0,0.09,0.01,0.0,0.0,0.0,0.0,0.0,0.0,0.0,0.0,,1,0,0,0,0,0,1,1,0,1,0,0,1,1,0,0,0,1,1,0,0,1,0,0,1,1,0,1,0,0,0,1,1,0,1,1,0,0,1,0,0,0,1,1,0,1,0,0,1,0,1,0,0,0,1,1,0,0,0,0,0,0,0,0,0,0,1
57,0.839,0.76,0.754,55,0.841,0.762,0.752,0,0.399,0,0.601,0.906,2,0.25,,0.0,0.0,0.1,0.0,0.05,0.0,0.0,0.0,0.0,0.0,0.09,0.0,0.0,0.0,0.0,0.0,0.0,0.0,0.07,0.0,0.0,0.1,0.0,0.0,0.0,0.03,0.0,0.1,0.0,0.0,0.0,0.0,0.0,0.0,0.0,0.02,0.0,0.0,0.07,0.0,0.0,0.0,0.18,0.08,0.0,0.0,0.0,0.0,0.0,0.0,0.0,0.0,0.0,0.0,0.0,0.0,0.0,0.0,0.0,0.02,0.0,0.07,0.03,0.0,,0,0,1,0,1,0,0,0,0,0,1,0,1,1,0,0,0,1,1,0,0,1,0,0,1,1,0,1,0,0,0,1,1,0,0,1,0,0,1,0,0,0,1,1,0,1,0,0,1,0,1,0,0,0,0,0,0,1,0,1,0,1,1,0,0,0,1
58,0.861,0.77,0.761,65,0.863,0.772,0.762,0,0.399,0,0.601,0.91,2,0.26,,0.0,0.0,0.09,0.0,0.05,0.0,0.0,0.0,0.0,0.0,0.0,0.0,0.04,0.03,0.0,0.0,0.0,0.0,0.07,0.0,0.0,0.11,0.0,0.0,0.0,0.01,0.0,0.0,0.12,0.04,0.0,0.0,0.0,0.0,0.0,0.0,0.0,0.0,0.07,0.0,0.0,0.0,0.11,0.11,0.02,0.0,0.0,0.0,0.0,0.0,0.01,0.0,0.0,0.0,0.11,0.0,0.0,0.0,0.0,0.0,0.0,0.0,0.0,0.0,,0,0,1,0,1,0,0,1,0,0,0,0,1,1,0,0,0,1,1,0,0,1,1,1,0,1,0,0,1,1,0,0,0,0,0,0,0,0,1,1,0,0,1,1,1,0,0,1,0,0,1,0,0,0,1,0,0,1,1,0,0,1,1,0,0,1,0
59,0.861,0.789,0.77,67,0.864,0.792,0.77,0,0.399,0,0.601,0.918,2,0.14,,0.0,0.0,0.0,0.0,0.05,0.0,0.0,0.0,0.0,0.0,0.12,0.0,0.0,0.0,0.0,0.0,0.0,0.0,0.05,0.0,0.02,0.11,0.0,0.0,0.0,0.0,0.0,0.0,0.12,0.04,0.0,0.0,0.0,0.0,0.0,0.02,0.0,0.0,0.07,0.0,0.0,0.0,0.11,0.08,0.02,0.04,0.0,0.0,0.0,0.0,0.01,0.0,0.0,0.0,0.09,0.0,0.0,0.0,0.02,0.0,0.0,0.03,0.0,0.0,,0,0,0,0,1,0,0,0,1,1,1,0,0,0,0,0,0,0,1,0,1,1,0,0,0,0,0,0,1,1,1,0,0,0,0,1,0,0,1,0,0,0,1,1,1,1,0,0,1,0,1,0,1,0,1,0,0,1,1,0,0,1,1,0,0,1,0
60,0.863,0.792,0.789,69,0.867,0.794,0.791,0,0.399,0,0.601,0.917,2,0.12,,0.0,0.0,0.0,0.02,0.0,0.12,0.0,0.0,0.0,0.0,0.07,0.0,0.0,0.0,0.0,0.0,0.0,0.0,0.06,0.0,0.0,0.1,0.0,0.0,0.0,0.0,0.0,0.0,0.12,0.03,0.0,0.0,0.0,0.0,0.0,0.02,0.0,0.0,0.07,0.0,0.0,0.0,0.09,0.08,0.04,0.04,0.0,0.0,0.0,0.0,0.0,0.0,0.0,0.0,0.1,0.0,0.0,0.01,0.02,0.0,0.0,0.0,0.01,0.0,,0,1,0,1,0,1,0,0,1,1,1,0,1,0,0,0,0,0,1,0,0,1,0,1,0,0,0,0,1,1,1,0,0,0,0,1,0,0,1,0,0,0,1,1,1,1,1,0,1,0,1,0,1,0,1,0,0,1,1,0,0,1,1,0,0,1,0
61,0.88,0.793,0.789,77,0.885,0.797,0.791,0,0.399,0,0.601,0.92,2,0.51,,0.0,0.0,0.0,0.0,0.0,0.07,0.0,0.0,0.0,0.0,0.1,0.0,0.0,0.02,0.0,0.0,0.0,0.0,0.0,0.06,0.0,0.13,0.0,0.0,0.0,0.0,0.0,0.0,0.06,0.05,0.0,0.0,0.0,0.0,0.04,0.0,0.09,0.0,0.06,0.0,0.0,0.0,0.1,0.06,0.0,0.03,0.0,0.0,0.0,0.0,0.0,0.01,0.0,0.0,0.09,0.0,0.0,0.0,0.0,0.0,0.0,0.0,0.01,0.0,,1,0,0,0,0,1,1,1,0,0,1,0,0,1,0,1,1,1,0,1,0,1,0,0,0,0,0,0,1,1,0,0,0,0,1,1,1,0,1,0,0,0,1,1,0,1,0,0,0,0,0,1,0,0,1,0,1,0,0,0,0,0,1,1,0,1,0
62,0.96,0.816,0.837,107,0.96,0.815,0.838,0,0.399,0,0.601,0.917,2,0.45,,0.0,0.01,0.0,0.03,0.05,0.0,0.0,0.0,0.0,0.0,0.04,0.0,0.0,0.0,0.0,0.0,0.0,0.0,0.0,0.0,0.04,0.09,0.0,0.0,0.0,0.0,0.15,0.06,0.1,0.01,0.03,0.0,0.0,0.0,0.0,0.01,0.0,0.02,0.05,0.0,0.0,0.0,0.1,0.11,0.0,0.01,0.0,0.0,0.0,0.0,0.0,0.0,0.0,0.0,0.07,0.0,0.0,0.0,0.01,0.0,0.0,0.0,0.0,0.0,,0,1,0,1,1,0,0,0,0,0,1,0,0,0,0,1,1,0,0,0,1,1,0,0,0,0,1,1,1,1,1,0,0,0,0,1,0,1,1,0,0,0,1,1,0,1,0,0,1,0,1,0,0,0,1,1,0,1,1,0,0,0,0,1,1,0,0
63,0.962,0.819,0.819,109,0.962,0.818,0.818,0,0.399,0,0.601,0.917,2,0.16,,0.0,0.0,0.0,0.02,0.0,0.07,0.0,0.0,0.0,0.0,0.06,0.0,0.03,0.0,0.0,0.0,0.0,0.0,0.02,0.0,0.0,0.1,0.0,0.0,0.0,0.0,0.13,0.0,0.1,0.01,0.02,0.0,0.0,0.0,0.0,0.01,0.0,0.01,0.06,0.0,0.0,0.0,0.1,0.08,0.0,0.04,0.0,0.0,0.0,0.0,0.03,0.0,0.0,0.0,0.11,0.0,0.0,0.0,0.0,0.0,0.0,0.0,0.0,0.0,,0,0,0,1,0,1,1,0,0,0,1,0,1,1,0,0,0,1,1,0,0,1,0,0,1,0,1,0,1,1,1,0,0,0,0,1,0,1,1,0,0,0,1,1,0,1,0,0,1,0,1,0,0,0,1,1,1,0,0,0,0,0,0,1,1,0,0
64,0.952,0.824,0.809,119,0.952,0.825,0.81,0,0.399,0,0.601,0.929,2,2000000000000000.0,,0.0,0.0,0.09,0.0,0.0,0.0,0.0,0.0,0.0,0.0,0.05,0.0,0.01,0.06,0.02,0.0,0.0,0.01,0.05,0.0,0.04,0.09,0.0,0.0,0.0,0.0,0.0,0.0,0.1,0.03,0.0,0.0,0.0,0.0,0.0,0.02,0.0,0.02,0.06,0.0,0.0,0.0,0.08,0.09,0.0,0.04,0.0,0.0,0.0,0.0,0.04,0.0,0.0,0.0,0.1,0.0,0.0,0.0,0.0,0.0,0.0,0.0,0.0,0.0,,0,0,1,0,0,0,0,1,0,0,1,0,1,1,1,0,0,1,1,0,1,1,1,1,1,0,0,0,1,1,1,0,0,0,0,1,0,1,1,0,0,0,1,1,0,1,0,1,1,0,1,0,0,0,1,1,1,0,0,0,0,0,0,1,1,0,0
65,0.673,0.597,0.607,25,0.674,0.595,0.613,0,0.399,0,0.601,0.857,3,2000000000000000.0,,0.0,0.0,0.19,0.0,0.0,0.0,0.0,0.0,0.0,0.0,0.0,0.0,0.06,0.0,0.0,0.0,0.0,0.0,0.0,0.0,0.0,0.0,0.0,0.0,0.0,0.0,0.0,0.0,0.13,0.0,0.16,0.0,0.0,0.0,0.0,0.0,0.0,0.0,0.11,0.0,0.0,0.0,0.0,0.0,0.0,0.0,0.0,0.0,0.0,0.0,0.0,0.12,0.0,0.0,0.18,0.0,0.0,0.0,0.0,0.05,0.0,0.0,0.0,0.0,,1,0,1,0,0,0,0,0,0,0,0,0,1,0,0,0,0,1,0,0,1,0,0,0,1,0,0,1,1,0,1,1,0,0,0,1,0,1,1,0,0,0,0,0,0,0,0,0,0,0,0,1,0,0,1,0,1,0,0,1,1,1,1,1,0,0,0
66,0.643,0.632,0.574,27,0.625,0.613,0.553,0,0.399,0,0.601,0.876,3,0.41,,0.0,0.0,0.0,0.04,0.0,0.1,0.0,0.0,0.0,0.0,0.0,0.0,0.0,0.02,0.0,0.0,0.0,0.0,0.0,0.0,0.0,0.14,0.0,0.0,0.0,0.0,0.0,0.12,0.19,0.08,0.0,0.0,0.0,0.0,0.0,0.0,0.0,0.0,0.0,0.0,0.0,0.0,0.14,0.13,0.0,0.0,0.0,0.0,0.0,0.0,0.0,0.0,0.0,0.0,0.0,0.0,0.0,0.0,0.03,0.0,0.0,0.0,0.0,0.02,,0,0,0,1,0,1,1,0,0,1,0,0,0,1,0,1,1,0,0,1,0,1,0,0,0,0,0,1,1,1,0,0,0,0,1,0,0,0,0,0,1,0,1,1,0,0,0,0,0,1,0,1,0,0,0,1,1,1,1,0,0,0,0,1,0,0,0
67,0.697,0.681,0.654,29,0.689,0.673,0.653,0,0.399,0,0.601,0.882,3,0.27,,0.0,0.0,0.0,0.0,0.0,0.0,0.0,0.0,0.0,0.0,0.09,0.0,0.0,0.07,0.0,0.0,0.0,0.0,0.02,0.0,0.1,0.0,0.04,0.0,0.0,0.0,0.0,0.0,0.0,0.0,0.11,0.0,0.0,0.0,0.0,0.0,0.0,0.07,0.0,0.0,0.0,0.0,0.22,0.0,0.09,0.0,0.08,0.0,0.0,0.0,0.0,0.0,0.0,0.1,0.0,0.0,0.0,0.0,0.0,0.0,0.0,0.0,0.0,0.0,,1,0,0,0,0,0,1,0,0,0,1,1,1,1,0,1,0,0,1,0,1,0,1,0,1,0,0,0,0,0,1,0,1,0,0,1,0,1,0,0,0,1,1,0,1,0,1,0,0,0,0,0,0,1,0,1,1,1,1,0,0,0,0,0,0,0,0
68,0.743,0.685,0.648,31,0.725,0.663,0.63,0,0.399,0,0.601,0.877,3,0.24,,0.0,0.0,0.12,0.0,0.0,0.0,0.0,0.0,0.0,0.0,0.0,0.0,0.0,0.0,0.0,0.0,0.0,0.0,0.0,0.0,0.09,0.0,0.0,0.0,0.0,0.0,0.0,0.0,0.0,0.0,0.1,0.0,0.0,0.0,0.0,0.03,0.0,0.0,0.0,0.0,0.0,0.0,0.22,0.0,0.09,0.0,0.0,0.0,0.0,0.0,0.0,0.08,0.0,0.0,0.14,0.0,0.0,0.0,0.0,0.0,0.06,0.03,0.02,0.0,,1,0,1,0,0,0,0,0,0,0,0,0,1,0,1,0,0,1,0,0,1,0,0,1,0,0,0,0,0,0,1,0,0,0,0,1,0,1,0,0,1,1,1,0,1,0,0,0,0,0,1,1,0,0,1,1,1,1,0,1,1,1,1,1,0,0,0
69,0.767,0.699,0.711,45,0.773,0.708,0.713,0,0.399,0,0.601,0.911,3,0.31,,0.0,0.0,0.09,0.03,0.0,0.08,0.0,0.0,0.0,0.0,0.0,0.0,0.0,0.0,0.0,0.0,0.0,0.0,0.0,0.0,0.01,0.11,0.0,0.0,0.0,0.0,0.0,0.0,0.15,0.06,0.0,0.0,0.0,0.0,0.03,0.01,0.0,0.0,0.09,0.0,0.0,0.0,0.11,0.1,0.0,0.02,0.0,0.0,0.0,0.0,0.03,0.0,0.0,0.0,0.0,0.0,0.0,0.0,0.0,0.02,0.0,0.01,0.07,0.0,,0,0,1,1,0,1,0,0,0,1,0,1,1,0,0,0,1,0,0,0,1,1,0,0,0,0,0,0,1,1,1,0,0,0,1,1,0,0,1,0,0,0,1,1,0,1,0,0,1,0,1,0,0,0,0,0,1,1,0,1,0,1,1,0,0,0,1
70,0.775,0.715,0.724,49,0.783,0.721,0.729,0,0.399,0,0.601,0.896,3,0.14,,0.0,0.0,0.0,0.0,0.0,0.0,0.0,0.0,0.0,0.0,0.11,0.0,0.0,0.06,0.0,0.0,0.0,0.0,0.0,0.0,0.06,0.0,0.0,0.0,0.0,0.0,0.0,0.0,0.11,0.14,0.0,0.0,0.0,0.0,0.0,0.01,0.0,0.0,0.11,0.0,0.0,0.0,0.0,0.1,0.0,0.09,0.0,0.0,0.0,0.0,0.0,0.0,0.0,0.0,0.14,0.01,0.0,0.0,0.0,0.0,0.07,0.0,0.0,0.0,,1,0,0,0,0,0,1,1,0,1,1,0,1,1,0,1,0,0,0,0,1,0,0,0,1,0,0,0,1,1,1,0,0,0,0,1,0,0,1,0,0,0,0,1,0,1,0,0,1,0,1,0,0,0,1,1,0,1,0,0,1,0,0,0,0,0,1
71,0.775,0.715,0.724,49,0.783,0.721,0.729,0,0.399,0,0.601,0.894,3,0.11,,0.0,0.0,0.0,0.0,0.0,0.0,0.0,0.0,0.0,0.0,0.08,0.0,0.0,0.08,0.0,0.0,0.0,0.0,0.0,0.0,0.06,0.0,0.0,0.0,0.0,0.0,0.0,0.0,0.11,0.14,0.0,0.0,0.0,0.0,0.0,0.01,0.0,0.0,0.11,0.0,0.0,0.0,0.0,0.1,0.0,0.09,0.0,0.0,0.0,0.0,0.0,0.0,0.0,0.0,0.15,0.0,0.0,0.0,0.0,0.0,0.07,0.0,0.0,0.0,,0,0,0,0,0,0,1,1,0,1,1,0,1,1,0,1,0,0,0,0,1,0,0,0,1,0,0,0,1,1,1,0,0,0,0,1,0,0,1,0,0,0,0,1,0,1,0,0,1,0,1,0,0,0,1,1,0,1,0,0,1,0,0,0,0,0,1
72,0.821,0.738,0.73,53,0.825,0.737,0.731,0,0.399,0,0.601,0.896,3,0.22,,0.0,0.0,0.0,0.0,0.0,0.0,0.0,0.0,0.0,0.0,0.08,0.0,0.0,0.12,0.0,0.0,0.0,0.0,0.06,0.0,0.0,0.1,0.0,0.0,0.0,0.04,0.0,0.09,0.0,0.0,0.0,0.0,0.0,0.0,0.02,0.04,0.0,0.0,0.0,0.0,0.0,0.0,0.18,0.08,0.0,0.06,0.0,0.0,0.0,0.0,0.0,0.0,0.0,0.0,0.12,0.01,0.0,0.0,0.0,0.0,0.0,0.0,0.0,0.0,,1,0,0,0,0,0,1,1,0,1,1,0,1,1,0,0,0,1,1,0,0,1,0,0,1,1,0,1,0,0,0,1,1,0,1,1,0,0,0,0,0,0,1,1,0,1,0,0,1,0,0,0,0,0,1,1,0,0,0,0,0,0,0,0,0,0,1
73,0.839,0.751,0.746,55,0.841,0.751,0.745,0,0.399,0,0.601,0.908,3,0.35,,0.0,0.0,0.08,0.0,0.05,0.0,0.0,0.0,0.0,0.0,0.06,0.0,0.0,0.0,0.0,0.0,0.0,0.0,0.07,0.0,0.0,0.1,0.0,0.0,0.0,0.03,0.0,0.09,0.0,0.0,0.0,0.0,0.0,0.0,0.0,0.02,0.0,0.0,0.07,0.0,0.0,0.0,0.18,0.1,0.0,0.0,0.01,0.0,0.0,0.0,0.0,0.0,0.0,0.0,0.0,0.0,0.0,0.0,0.0,0.03,0.0,0.07,0.03,0.0,,0,0,1,0,1,0,0,0,0,0,1,0,1,1,0,0,0,1,1,0,0,1,0,0,1,1,0,1,0,0,0,1,1,0,0,1,0,0,1,0,0,0,1,1,0,1,1,0,1,0,1,0,0,0,0,0,1,1,0,1,0,1,1,0,0,0,1
74,0.861,0.787,0.767,67,0.864,0.789,0.767,0,0.399,0,0.601,0.915,3,0.3,,0.0,0.0,0.0,0.0,0.05,0.0,0.0,0.0,0.0,0.0,0.11,0.0,0.0,0.0,0.0,0.0,0.0,0.0,0.05,0.0,0.02,0.11,0.0,0.0,0.0,0.0,0.0,0.0,0.12,0.03,0.0,0.0,0.0,0.0,0.0,0.02,0.0,0.0,0.08,0.0,0.0,0.0,0.12,0.08,0.02,0.03,0.0,0.0,0.0,0.0,0.01,0.0,0.0,0.0,0.11,0.0,0.0,0.0,0.02,0.02,0.0,0.0,0.0,0.0,,0,0,0,0,1,0,0,0,1,1,1,0,0,0,0,0,0,0,1,0,1,1,0,0,0,0,0,0,1,1,1,0,0,0,0,1,0,0,1,0,0,0,1,1,1,1,0,0,1,0,1,0,1,0,1,0,0,1,1,1,0,0,0,1,0,1,0
75,0.859,0.788,0.793,69,0.862,0.79,0.794,0,0.399,0,0.601,0.911,3,0.16,,0.0,0.0,0.0,0.01,0.0,0.0,0.0,0.0,0.0,0.0,0.0,0.0,0.0,0.0,0.0,0.0,0.0,0.0,0.08,0.0,0.08,0.11,0.0,0.0,0.0,0.0,0.0,0.0,0.12,0.03,0.0,0.0,0.0,0.0,0.0,0.02,0.0,0.0,0.07,0.0,0.0,0.0,0.11,0.08,0.04,0.05,0.0,0.0,0.0,0.0,0.01,0.0,0.0,0.0,0.13,0.0,0.0,0.0,0.08,0.0,0.0,0.0,0.0,0.0,,1,0,0,1,0,0,0,0,1,0,0,0,0,0,0,0,0,0,1,0,1,1,0,0,0,0,0,0,1,1,1,0,0,0,0,1,0,0,1,0,0,0,1,1,1,1,0,0,1,0,1,0,1,0,1,0,0,1,1,0,0,1,1,0,0,1,0
76,0.875,0.793,0.759,81,0.879,0.797,0.762,0,0.399,0,0.601,0.91,3,0.55,,0.0,0.01,0.0,0.0,0.06,0.0,0.0,0.0,0.0,0.01,0.12,0.0,0.0,0.0,0.0,0.0,0.0,0.0,0.03,0.0,0.01,0.13,0.0,0.0,0.0,0.0,0.0,0.0,0.06,0.05,0.0,0.0,0.0,0.0,0.0,0.0,0.09,0.0,0.07,0.0,0.0,0.0,0.12,0.08,0.0,0.04,0.0,0.0,0.0,0.0,0.0,0.0,0.0,0.0,0.1,0.0,0.0,0.0,0.0,0.01,0.0,0.0,0.0,0.0,,0,1,0,0,1,0,0,0,1,1,1,0,0,0,0,0,0,0,1,0,1,1,0,0,0,0,0,0,1,1,0,0,0,0,0,1,1,0,1,0,0,0,1,1,1,1,0,0,1,0,1,0,1,0,1,0,0,1,1,1,0,0,0,1,0,1,0
77,0.946,0.817,0.796,113,0.947,0.819,0.799,0,0.399,0,0.601,0.93,3,0.44,,0.0,0.0,0.07,0.0,0.01,0.06,0.0,0.0,0.0,0.0,0.0,0.0,0.02,0.01,0.01,0.0,0.0,0.02,0.06,0.0,0.0,0.09,0.0,0.0,0.0,0.01,0.0,0.0,0.11,0.03,0.01,0.0,0.0,0.05,0.0,0.02,0.0,0.0,0.0,0.0,0.0,0.0,0.09,0.09,0.05,0.05,0.0,0.0,0.0,0.0,0.06,0.0,0.0,0.0,0.08,0.0,0.0,0.0,0.0,0.0,0.0,0.0,0.0,0.0,,1,0,1,0,1,1,0,1,0,0,0,0,1,1,1,0,0,1,1,0,0,1,0,0,1,1,0,0,1,1,1,1,0,1,0,1,0,0,0,1,0,0,1,1,1,1,0,0,1,0,1,0,0,0,1,1,0,0,0,0,0,0,0,1,1,0,0
78,0.954,0.819,0.791,115,0.954,0.819,0.791,0,0.399,0,0.601,0.907,3,0.08,,0.0,0.0,0.0,0.02,0.0,0.0,0.0,0.0,0.0,0.01,0.06,0.0,0.0,0.0,0.0,0.0,0.0,0.0,0.01,0.03,0.0,0.1,0.0,0.01,0.0,0.0,0.16,0.0,0.1,0.02,0.0,0.0,0.0,0.0,0.0,0.0,0.0,0.0,0.06,0.0,0.0,0.0,0.1,0.09,0.04,0.03,0.0,0.0,0.0,0.0,0.04,0.0,0.0,0.0,0.13,0.0,0.0,0.0,0.0,0.0,0.0,0.0,0.0,0.0,,0,0,0,1,0,0,0,0,1,1,1,0,0,0,0,0,1,0,1,1,0,1,0,1,0,0,1,0,1,1,1,0,0,0,0,1,0,0,1,0,0,0,1,1,1,1,0,0,1,0,1,0,0,0,1,1,0,0,0,0,0,0,0,1,1,0,0
79,0.958,0.823,0.8,119,0.958,0.823,0.8,0,0.399,0,0.601,0.905,3,0.16,,0.0,0.0,0.0,0.02,0.0,0.0,0.0,0.0,0.0,0.01,0.06,0.0,0.0,0.0,0.0,0.0,0.0,0.0,0.02,0.04,0.0,0.11,0.0,0.0,0.0,0.0,0.16,0.0,0.1,0.01,0.0,0.0,0.0,0.0,0.0,0.02,0.0,0.0,0.06,0.0,0.0,0.0,0.1,0.09,0.0,0.03,0.0,0.0,0.0,0.0,0.03,0.0,0.0,0.0,0.12,0.0,0.0,0.0,0.0,0.0,0.0,0.0,0.0,0.0,,0,0,0,1,0,0,0,0,1,1,1,0,0,0,0,0,1,0,1,1,0,1,0,1,0,0,1,0,1,1,1,0,0,0,0,1,0,0,1,0,0,0,1,1,0,1,0,0,1,0,1,0,0,0,1,1,1,0,0,0,0,0,0,1,1,0,0
80,0.96,0.824,0.806,129,0.961,0.824,0.807,0,0.399,0,0.601,0.924,3,2000000000000000.0,,0.0,0.0,0.0,0.01,0.07,0.0,0.0,0.0,0.0,0.0,0.08,0.0,0.0,0.04,0.0,0.0,0.0,0.0,0.0,0.06,0.0,0.12,0.0,0.0,0.0,0.0,0.0,0.0,0.06,0.04,0.0,0.0,0.0,0.0,0.06,0.0,0.07,0.0,0.06,0.0,0.0,0.0,0.12,0.08,0.0,0.04,0.0,0.0,0.0,0.0,0.0,0.0,0.01,0.0,0.09,0.0,0.0,0.0,0.0,0.0,0.0,0.0,0.0,0.0,,0,1,0,1,1,0,0,0,0,0,1,0,0,1,0,1,1,1,0,1,0,1,0,0,0,0,0,0,1,1,0,0,0,0,1,1,1,0,1,1,0,1,1,1,0,1,0,0,0,0,0,0,1,0,1,0,1,0,0,0,0,0,0,1,1,0,0
81,0.673,0.596,0.602,25,0.674,0.595,0.608,0,0.399,0,0.601,0.87,4,2000000000000000.0,,0.0,0.0,0.19,0.0,0.0,0.0,0.0,0.0,0.0,0.0,0.0,0.0,0.06,0.0,0.0,0.0,0.0,0.0,0.0,0.0,0.0,0.0,0.0,0.0,0.0,0.0,0.0,0.0,0.13,0.0,0.16,0.0,0.0,0.0,0.0,0.0,0.0,0.0,0.11,0.0,0.0,0.0,0.0,0.0,0.0,0.0,0.0,0.0,0.0,0.0,0.0,0.12,0.0,0.0,0.12,0.0,0.0,0.0,0.0,0.05,0.0,0.0,0.05,0.0,,0,0,1,0,0,0,0,0,0,0,0,0,1,0,0,0,0,1,0,0,1,0,0,0,1,0,0,1,1,0,1,1,0,0,0,1,0,1,1,0,0,0,0,0,0,0,0,0,0,0,0,1,0,0,1,0,1,0,0,1,1,1,1,1,0,0,0
82,0.946,0.821,0.813,119,0.946,0.821,0.813,0,0.399,0,0.601,0.927,4,2000000000000000.0,,0.0,0.0,0.08,0.0,0.0,0.0,0.0,0.01,0.0,0.0,0.0,0.0,0.04,0.07,0.01,0.0,0.0,0.01,0.07,0.0,0.03,0.09,0.01,0.0,0.0,0.0,0.0,0.0,0.11,0.03,0.01,0.0,0.0,0.0,0.0,0.02,0.0,0.0,0.07,0.0,0.0,0.0,0.09,0.08,0.0,0.03,0.0,0.0,0.0,0.0,0.05,0.0,0.0,0.0,0.1,0.0,0.0,0.0,0.0,0.0,0.0,0.0,0.0,0.0,,0,0,1,0,0,0,0,1,0,0,0,0,1,1,1,0,0,1,1,0,1,1,1,1,1,0,0,0,1,1,1,0,0,0,0,1,0,0,1,0,0,0,1,1,0,1,0,1,1,0,1,0,0,0,1,1,1,0,0,0,0,0,0,1,1,0,0
83,0.878,0.791,0.757,83,0.883,0.794,0.758,0,0.399,0,0.601,0.908,4,0.62,,0.0,0.0,0.0,0.0,0.06,0.0,0.02,0.0,0.0,0.0,0.15,0.0,0.0,0.0,0.0,0.0,0.0,0.0,0.01,0.0,0.04,0.13,0.0,0.0,0.0,0.0,0.0,0.0,0.06,0.05,0.0,0.0,0.0,0.0,0.0,0.0,0.09,0.0,0.06,0.0,0.0,0.0,0.13,0.06,0.0,0.03,0.0,0.0,0.0,0.0,0.0,0.0,0.0,0.0,0.09,0.0,0.0,0.01,0.0,0.0,0.0,0.0,0.0,0.0,,0,1,0,0,1,0,1,1,0,1,1,0,0,0,0,0,0,0,1,0,1,1,0,0,0,0,0,0,1,1,0,0,0,0,0,1,1,0,1,0,0,0,1,1,1,1,0,0,1,0,1,0,1,0,1,0,0,1,1,1,0,0,0,1,0,1,0
84,0.95,0.813,0.774,113,0.95,0.812,0.773,0,0.399,0,0.601,0.922,4,0.52,,0.0,0.0,0.0,0.0,0.05,0.0,0.0,0.0,0.0,0.0,0.09,0.01,0.03,0.01,0.0,0.0,0.0,0.02,0.09,0.0,0.0,0.09,0.0,0.0,0.0,0.0,0.0,0.0,0.12,0.03,0.0,0.0,0.0,0.05,0.0,0.02,0.0,0.0,0.0,0.0,0.0,0.0,0.08,0.09,0.0,0.07,0.0,0.0,0.0,0.0,0.06,0.0,0.0,0.0,0.08,0.0,0.0,0.0,0.0,0.0,0.0,0.0,0.0,0.0,,0,0,0,0,1,0,0,0,1,1,1,1,1,1,0,0,0,1,1,0,0,1,0,0,1,1,0,0,1,1,0,1,0,1,0,1,0,0,0,0,0,0,1,1,0,1,0,0,1,0,1,0,0,0,1,1,1,0,0,0,0,0,0,1,1,0,0
85,0.865,0.783,0.769,67,0.868,0.784,0.769,0,0.399,0,0.601,0.918,4,0.48,,0.0,0.0,0.0,0.0,0.05,0.0,0.02,0.0,0.0,0.01,0.09,0.0,0.0,0.0,0.0,0.0,0.0,0.0,0.07,0.0,0.0,0.11,0.0,0.0,0.0,0.0,0.0,0.0,0.12,0.03,0.0,0.0,0.0,0.0,0.0,0.02,0.0,0.0,0.07,0.0,0.0,0.0,0.1,0.1,0.02,0.05,0.0,0.0,0.0,0.0,0.0,0.0,0.0,0.0,0.11,0.0,0.0,0.0,0.02,0.02,0.0,0.0,0.0,0.0,,0,1,0,0,1,0,1,1,0,1,1,0,0,0,0,0,0,0,1,0,1,1,0,0,0,0,0,0,1,1,1,0,0,0,0,1,0,0,1,0,0,0,1,1,1,1,0,0,1,0,1,0,1,0,1,0,0,1,1,1,0,0,0,1,0,1,0
86,0.635,0.621,0.561,27,0.598,0.586,0.518,0,0.399,0,0.601,0.873,4,0.41,,0.0,0.0,0.0,0.0,0.08,0.0,0.0,0.0,0.0,0.0,0.05,0.0,0.0,0.0,0.0,0.0,0.0,0.0,0.03,0.0,0.0,0.14,0.0,0.0,0.0,0.0,0.16,0.0,0.19,0.0,0.04,0.0,0.0,0.0,0.0,0.0,0.0,0.0,0.0,0.0,0.0,0.0,0.15,0.0,0.03,0.0,0.0,0.0,0.0,0.0,0.0,0.0,0.0,0.09,0.0,0.0,0.0,0.0,0.03,0.0,0.0,0.0,0.0,0.0,,1,0,0,0,1,0,0,0,1,1,1,0,0,0,0,0,1,0,1,1,0,1,0,1,0,1,1,0,1,1,1,0,0,0,0,1,0,0,1,0,0,0,1,0,1,0,1,0,0,0,1,0,0,1,0,0,1,1,1,1,0,0,0,0,0,0,0
87,0.839,0.75,0.737,55,0.842,0.752,0.739,0,0.399,0,0.601,0.905,4,0.36,,0.0,0.0,0.08,0.0,0.05,0.0,0.0,0.0,0.0,0.0,0.06,0.0,0.0,0.0,0.0,0.0,0.0,0.0,0.07,0.0,0.0,0.1,0.0,0.0,0.0,0.03,0.0,0.1,0.0,0.0,0.0,0.0,0.0,0.0,0.0,0.06,0.0,0.0,0.07,0.0,0.0,0.0,0.18,0.11,0.0,0.0,0.0,0.0,0.0,0.0,0.02,0.0,0.0,0.0,0.08,0.0,0.0,0.0,0.0,0.0,0.0,0.0,0.0,0.0,,0,0,1,0,1,0,0,0,0,0,1,0,1,1,0,0,0,1,1,0,0,1,0,0,1,1,0,1,0,0,0,1,0,0,0,1,0,0,1,0,0,0,1,1,0,1,0,0,1,0,1,0,0,0,1,1,0,0,0,0,0,0,0,0,0,0,1
88,0.695,0.678,0.65,29,0.687,0.671,0.65,0,0.399,0,0.601,0.875,4,0.27,,0.0,0.0,0.0,0.0,0.0,0.0,0.0,0.0,0.0,0.0,0.09,0.0,0.02,0.1,0.0,0.0,0.0,0.0,0.0,0.0,0.1,0.0,0.0,0.0,0.0,0.0,0.0,0.0,0.0,0.0,0.11,0.0,0.0,0.0,0.0,0.0,0.0,0.07,0.0,0.0,0.0,0.0,0.23,0.0,0.09,0.0,0.08,0.0,0.0,0.0,0.0,0.0,0.0,0.1,0.0,0.0,0.0,0.0,0.0,0.0,0.0,0.0,0.0,0.0,,1,0,0,1,1,0,0,0,0,0,1,0,1,1,0,1,1,1,0,0,1,0,0,0,0,0,0,0,0,0,1,0,1,0,0,1,0,1,0,0,0,1,1,0,1,0,1,0,0,0,0,0,0,1,0,1,1,1,1,0,0,0,0,1,0,0,0
89,0.769,0.695,0.715,45,0.772,0.699,0.712,0,0.399,0,0.601,0.903,4,0.23,,0.0,0.02,0.0,0.05,0.0,0.14,0.0,0.0,0.0,0.0,0.0,0.0,0.0,0.0,0.0,0.0,0.0,0.0,0.0,0.0,0.01,0.11,0.0,0.0,0.0,0.0,0.0,0.0,0.14,0.06,0.0,0.0,0.0,0.0,0.03,0.01,0.0,0.0,0.09,0.0,0.0,0.0,0.11,0.1,0.0,0.0,0.0,0.0,0.0,0.0,0.03,0.0,0.0,0.0,0.0,0.0,0.0,0.0,0.0,0.02,0.0,0.01,0.07,0.0,,0,1,0,1,0,1,0,0,0,1,0,1,0,0,0,0,1,0,0,0,1,1,0,0,0,0,0,0,1,1,1,1,0,0,1,1,0,0,1,0,0,0,1,1,0,1,0,0,1,0,1,0,0,0,0,0,0,1,0,1,0,1,1,0,0,0,1
90,0.783,0.714,0.728,49,0.79,0.717,0.731,0,0.399,0,0.601,0.9,4,0.23,,0.0,0.0,0.0,0.0,0.0,0.0,0.0,0.0,0.0,0.0,0.08,0.0,0.0,0.09,0.0,0.0,0.0,0.0,0.0,0.0,0.06,0.0,0.0,0.0,0.0,0.0,0.0,0.0,0.1,0.14,0.01,0.0,0.0,0.0,0.0,0.01,0.0,0.0,0.11,0.0,0.0,0.0,0.03,0.1,0.0,0.07,0.0,0.0,0.0,0.0,0.0,0.0,0.0,0.0,0.15,0.0,0.0,0.0,0.0,0.0,0.07,0.0,0.0,0.0,,1,0,0,0,0,0,1,1,0,1,1,0,1,1,0,1,0,1,0,0,1,0,0,0,1,0,0,0,1,1,1,0,0,0,0,1,0,0,1,0,0,0,1,1,0,1,0,0,1,0,1,0,0,0,1,0,0,1,1,0,1,0,0,0,0,0,1
91,0.835,0.735,0.754,53,0.836,0.732,0.754,0,0.399,0,0.601,0.9,4,0.22,,0.0,0.0,0.0,0.0,0.05,0.0,0.0,0.0,0.0,0.0,0.09,0.0,0.0,0.0,0.0,0.0,0.0,0.0,0.07,0.0,0.0,0.1,0.0,0.0,0.0,0.09,0.0,0.11,0.0,0.0,0.0,0.0,0.0,0.0,0.01,0.02,0.0,0.0,0.07,0.0,0.0,0.0,0.18,0.1,0.0,0.0,0.0,0.0,0.0,0.0,0.03,0.0,0.0,0.0,0.08,0.0,0.0,0.0,0.0,0.0,0.0,0.0,0.0,0.0,,0,0,0,0,1,0,0,0,0,0,1,0,1,1,0,0,0,1,1,0,0,1,0,0,1,1,0,1,0,0,0,1,1,0,1,1,0,0,1,0,0,1,1,1,0,1,0,0,1,0,1,0,0,0,1,1,0,0,0,0,0,0,0,0,0,0,1
92,0.699,0.683,0.648,31,0.695,0.677,0.65,0,0.399,0,0.601,0.878,4,0.17,,0.0,0.0,0.0,0.0,0.0,0.0,0.0,0.0,0.0,0.0,0.09,0.0,0.0,0.0,0.0,0.0,0.0,0.0,0.09,0.04,0.1,0.0,0.0,0.0,0.0,0.0,0.0,0.0,0.0,0.0,0.11,0.0,0.0,0.0,0.0,0.0,0.0,0.07,0.0,0.0,0.0,0.0,0.23,0.0,0.09,0.0,0.08,0.0,0.0,0.0,0.0,0.0,0.0,0.1,0.0,0.0,0.0,0.0,0.0,0.0,0.0,0.0,0.0,0.0,,1,0,0,1,0,0,1,1,0,1,1,1,1,0,1,0,0,0,1,1,1,0,0,0,0,0,0,0,0,0,1,0,0,0,0,1,0,1,0,0,0,0,1,0,1,0,1,0,0,0,1,0,0,1,0,0,1,1,1,0,0,0,0,0,0,0,0
93,0.775,0.698,0.704,47,0.775,0.694,0.7,0,0.399,0,0.601,0.889,4,0.12,,0.0,0.0,0.11,0.0,0.0,0.0,0.0,0.0,0.0,0.0,0.0,0.0,0.06,0.0,0.0,0.0,0.0,0.0,0.0,0.0,0.09,0.0,0.0,0.0,0.0,0.0,0.0,0.01,0.1,0.14,0.0,0.0,0.0,0.0,0.0,0.01,0.0,0.0,0.11,0.0,0.0,0.0,0.0,0.13,0.0,0.09,0.0,0.0,0.0,0.0,0.0,0.0,0.0,0.0,0.15,0.0,0.0,0.0,0.0,0.0,0.01,0.0,0.0,0.0,,1,0,1,0,0,0,0,0,0,0,0,0,1,0,0,0,0,1,0,0,1,0,0,0,1,0,0,1,1,1,1,0,0,0,0,1,0,0,1,0,0,0,0,1,0,1,0,0,1,0,1,0,0,0,1,1,0,1,0,0,1,0,0,0,0,0,1
94,0.699,0.683,0.648,31,0.695,0.677,0.65,0,0.399,0,0.601,0.878,4,0.07,,0.0,0.0,0.0,0.0,0.0,0.0,0.0,0.0,0.0,0.0,0.09,0.0,0.0,0.0,0.0,0.0,0.0,0.0,0.09,0.04,0.1,0.0,0.0,0.0,0.0,0.0,0.0,0.0,0.0,0.0,0.11,0.0,0.0,0.0,0.0,0.0,0.0,0.07,0.0,0.0,0.0,0.0,0.23,0.0,0.09,0.0,0.08,0.0,0.0,0.0,0.0,0.0,0.0,0.1,0.0,0.0,0.0,0.0,0.0,0.0,0.0,0.0,0.0,0.0,,0,1,1,0,1,0,1,1,0,1,1,1,1,0,0,0,0,1,1,1,1,0,0,0,0,0,0,0,0,0,1,0,0,0,0,1,0,1,0,0,0,0,1,0,1,0,1,0,0,0,0,0,0,1,0,0,1,1,1,0,0,0,0,1,0,0,0
95,0.695,0.678,0.65,29,0.687,0.671,0.65,0,0.399,0,0.601,0.875,4,0.04,,0.0,0.0,0.0,0.0,0.0,0.0,0.0,0.0,0.0,0.0,0.09,0.0,0.02,0.1,0.0,0.0,0.0,0.0,0.0,0.0,0.1,0.0,0.0,0.0,0.0,0.0,0.0,0.0,0.0,0.0,0.11,0.0,0.0,0.0,0.0,0.0,0.0,0.07,0.0,0.0,0.0,0.0,0.23,0.0,0.09,0.0,0.08,0.0,0.0,0.0,0.0,0.0,0.0,0.1,0.0,0.0,0.0,0.0,0.0,0.0,0.0,0.0,0.0,0.0,,1,0,0,0,0,0,1,1,0,1,1,0,1,1,0,1,0,1,0,0,1,0,0,0,0,0,0,0,0,0,1,0,1,0,0,1,0,1,0,0,0,1,1,0,1,0,1,0,0,0,0,0,0,1,0,1,1,1,1,0,0,0,0,1,0,0,0
96,0.695,0.678,0.65,29,0.687,0.671,0.65,0,0.399,0,0.601,0.875,4,0.0,,0.0,0.0,0.0,0.0,0.0,0.0,0.0,0.0,0.0,0.0,0.09,0.0,0.02,0.1,0.0,0.0,0.0,0.0,0.0,0.0,0.1,0.0,0.0,0.0,0.0,0.0,0.0,0.0,0.0,0.0,0.11,0.0,0.0,0.0,0.0,0.0,0.0,0.07,0.0,0.0,0.0,0.0,0.23,0.0,0.09,0.0,0.08,0.0,0.0,0.0,0.0,0.0,0.0,0.1,0.0,0.0,0.0,0.0,0.0,0.0,0.0,0.0,0.0,0.0,,1,0,0,0,0,0,1,1,0,1,1,0,1,1,0,1,0,1,0,0,1,0,0,0,0,0,0,0,0,0,1,0,1,0,0,1,0,1,1,0,0,1,1,0,1,0,1,0,0,0,1,0,0,1,0,0,1,1,1,0,0,0,0,1,0,0,0
97,0.695,0.678,0.65,29,0.687,0.671,0.65,0,0.399,0,0.601,0.875,4,0.0,,0.0,0.0,0.0,0.0,0.0,0.0,0.0,0.0,0.0,0.0,0.09,0.0,0.02,0.1,0.0,0.0,0.0,0.0,0.0,0.0,0.1,0.0,0.0,0.0,0.0,0.0,0.0,0.0,0.0,0.0,0.11,0.0,0.0,0.0,0.0,0.0,0.0,0.07,0.0,0.0,0.0,0.0,0.23,0.0,0.09,0.0,0.08,0.0,0.0,0.0,0.0,0.0,0.0,0.1,0.0,0.0,0.0,0.0,0.0,0.0,0.0,0.0,0.0,0.0,,1,0,0,1,1,0,0,0,0,0,1,0,1,1,0,1,0,1,0,0,1,0,0,0,0,0,0,0,0,0,1,0,1,0,0,1,0,1,0,0,0,1,1,0,1,0,1,0,0,0,0,0,0,1,0,1,1,1,1,0,0,0,0,1,0,0,0
98,0.695,0.678,0.65,29,0.687,0.671,0.65,0,0.399,0,0.601,0.875,4,0.0,,0.0,0.0,0.0,0.0,0.0,0.0,0.0,0.0,0.0,0.0,0.09,0.0,0.02,0.1,0.0,0.0,0.0,0.0,0.0,0.0,0.1,0.0,0.0,0.0,0.0,0.0,0.0,0.0,0.0,0.0,0.11,0.0,0.0,0.0,0.0,0.0,0.0,0.07,0.0,0.0,0.0,0.0,0.23,0.0,0.09,0.0,0.08,0.0,0.0,0.0,0.0,0.0,0.0,0.1,0.0,0.0,0.0,0.0,0.0,0.0,0.0,0.0,0.0,0.0,,1,0,0,0,0,0,1,1,0,1,1,0,1,1,0,1,0,1,0,0,1,0,0,0,0,0,0,0,0,0,1,0,1,0,0,1,0,1,0,0,0,1,1,0,1,0,1,0,0,0,1,0,0,1,0,0,1,1,1,0,0,0,0,0,0,0,0
99,0.699,0.683,0.648,31,0.695,0.677,0.65,0,0.399,0,0.601,0.878,4,0.0,,0.0,0.0,0.0,0.0,0.0,0.0,0.0,0.0,0.0,0.0,0.09,0.0,0.0,0.0,0.0,0.0,0.0,0.0,0.09,0.04,0.1,0.0,0.0,0.0,0.0,0.0,0.0,0.0,0.0,0.0,0.11,0.0,0.0,0.0,0.0,0.0,0.0,0.07,0.0,0.0,0.0,0.0,0.23,0.0,0.09,0.0,0.08,0.0,0.0,0.0,0.0,0.0,0.0,0.1,0.0,0.0,0.0,0.0,0.0,0.0,0.0,0.0,0.0,0.0,,0,1,0,1,0,0,1,1,0,1,1,1,1,0,0,0,0,1,1,1,1,0,0,0,0,0,0,0,0,0,1,0,0,0,0,1,0,1,0,0,0,0,1,0,1,0,1,0,0,0,0,0,0,1,0,0,1,1,1,0,0,0,0,1,0,0,0
